#
# There is insufficient memory for the Java Runtime Environment to continue.
# Native memory allocation (mmap) failed to map 1321205760 bytes. Error detail: G1 virtual space
# Possible reasons:
#   The system is out of physical RAM or swap space
#   This process is running with CompressedOops enabled, and the Java Heap may be blocking the growth of the native heap
# Possible solutions:
#   Reduce memory load on the system
#   Increase physical memory or swap space
#   Check if swap backing store is full
#   Decrease Java heap size (-Xmx/-Xms)
#   Decrease number of Java threads
#   Decrease Java thread stack sizes (-Xss)
#   Set larger code cache with -XX:ReservedCodeCacheSize=
#   JVM is running with Zero Based Compressed Oops mode in which the Java heap is
#     placed in the first 32GB address space. The Java Heap base address is the
#     maximum limit for the native heap growth. Please use -XX:HeapBaseMinAddress
#     to set the Java Heap base and to place the Java Heap above 32GB virtual address.
# This output file may be truncated or incomplete.
#
#  Out of Memory Error (os_windows.cpp:3714), pid=16472, tid=9988
#
# JRE version: OpenJDK Runtime Environment Temurin-21.0.11+10 (21.0.11+10) (build 21.0.11+10-LTS)
# Java VM: OpenJDK 64-Bit Server VM Temurin-21.0.11+10 (21.0.11+10-LTS, mixed mode, sharing, tiered, compressed oops, compressed class ptrs, g1 gc, windows-amd64)
# No core dump will be written. Minidumps are not enabled by default on client versions of Windows
#

---------------  S U M M A R Y ------------

Command Line: --add-opens=java.base/java.lang=ALL-UNNAMED --add-opens=java.base/java.lang.invoke=ALL-UNNAMED --add-opens=java.base/java.util=ALL-UNNAMED --add-opens=java.prefs/java.util.prefs=ALL-UNNAMED --add-exports=jdk.compiler/com.sun.tools.javac.api=ALL-UNNAMED --add-exports=jdk.compiler/com.sun.tools.javac.util=ALL-UNNAMED --add-opens=java.base/java.util=ALL-UNNAMED --add-opens=java.prefs/java.util.prefs=ALL-UNNAMED --add-opens=java.base/java.nio.charset=ALL-UNNAMED --add-opens=java.base/java.net=ALL-UNNAMED --add-opens=java.base/java.util.concurrent=ALL-UNNAMED --add-opens=java.base/java.util.concurrent.atomic=ALL-UNNAMED --add-opens=java.xml/javax.xml.namespace=ALL-UNNAMED --add-opens=java.base/java.time=ALL-UNNAMED -XX:MaxMetaspaceSize=4G -XX:ReservedCodeCacheSize=512m -XX:+HeapDumpOnOutOfMemoryError -Xmx8G -Dfile.encoding=UTF-8 -Duser.country=US -Duser.language=en -Duser.variant -javaagent:C:\Users\kimch\.gradle\wrapper\dists\gradle-9.1.0-all\7wzd0jkjit61aq2p43wpjgij9\gradle-9.1.0\lib\agents\gradle-instrumentation-agent-9.1.0.jar org.gradle.launcher.daemon.bootstrap.GradleDaemon 9.1.0

Host: Intel(R) Core(TM) i3-1005G1 CPU @ 1.20GHz, 4 cores, 3G,  Windows 11 , 64 bit Build 26100 (10.0.26100.8875)
Time: Sat Aug  1 15:29:37 2026 SE Asia Standard Time elapsed time: 512.906074 seconds (0d 0h 8m 32s)

---------------  T H R E A D  ---------------

Current thread (0x0000014f7ded9860):  VMThread "VM Thread"          [id=9988, stack(0x0000000f98b00000,0x0000000f98c00000) (1024K)]

Stack: [0x0000000f98b00000,0x0000000f98c00000]
Native frames: (J=compiled Java code, j=interpreted, Vv=VM code, C=native code)
V  [jvm.dll+0x6d7e19]
V  [jvm.dll+0x8b5096]
V  [jvm.dll+0x8b764e]
V  [jvm.dll+0x8b7d33]
V  [jvm.dll+0x284596]
V  [jvm.dll+0x6d4735]
V  [jvm.dll+0x6c845a]
V  [jvm.dll+0x35ef08]
V  [jvm.dll+0x366b46]
V  [jvm.dll+0x3b7c2e]
V  [jvm.dll+0x3b7ed8]
V  [jvm.dll+0x33310c]
V  [jvm.dll+0x333197]
V  [jvm.dll+0x376f6c]
V  [jvm.dll+0x37570e]
V  [jvm.dll+0x332851]
V  [jvm.dll+0x374d7a]
V  [jvm.dll+0x8bda20]
V  [jvm.dll+0x8bed94]
V  [jvm.dll+0x8bf2c0]
V  [jvm.dll+0x8bf563]
V  [jvm.dll+0x85fb0d]
V  [jvm.dll+0x6d664d]
C  [ucrtbase.dll+0x2cd30]
C  [KERNEL32.DLL+0x2e957]
C  [ntdll.dll+0xaad6c]

VM_Operation (0x0000000f99ff45a0): G1CollectForAllocation, mode: safepoint, requested by thread 0x0000014f66a1f530


---------------  P R O C E S S  ---------------

Threads class SMR info:
_java_thread_list=0x0000014f6bc530e0, length=86, elements={
0x0000014f70a56990, 0x0000014f7def66b0, 0x0000014f7defd140, 0x0000014f7df01360,
0x0000014f7df01dc0, 0x0000014f7df02820, 0x0000014f7df03280, 0x0000014f7df0dc70,
0x0000014f7df0e710, 0x0000014f206d0f50, 0x0000014f206a7c20, 0x0000014f66208c50,
0x0000014f207b48d0, 0x0000014f66ca7800, 0x0000014f6686e050, 0x0000014f66110460,
0x0000014f66a283b0, 0x0000014f66a1f530, 0x0000014f669df680, 0x0000014f669e03a0,
0x0000014f669e2b00, 0x0000014f669e0a30, 0x0000014f669e10c0, 0x0000014f669dfd10,
0x0000014f689c2830, 0x0000014f689c2ec0, 0x0000014f689c0760, 0x0000014f689c1b10,
0x0000014f689c21a0, 0x0000014f689c0df0, 0x0000014f689c00d0, 0x0000014f689c3be0,
0x0000014f689c4270, 0x0000014f689c6340, 0x0000014f689c5620, 0x0000014f689c69d0,
0x0000014f689c7060, 0x0000014f689c5cb0, 0x0000014f6927e180, 0x0000014f6927c0b0,
0x0000014f6927e810, 0x0000014f6927daf0, 0x0000014f6927eea0, 0x0000014f6927fbc0,
0x0000014f692808e0, 0x0000014f6927d460, 0x0000014f69280f70, 0x0000014f69281c90,
0x0000014f692829b0, 0x0000014f69282320, 0x0000014f69283040, 0x0000014f69281600,
0x0000014f692836d0, 0x0000014f68536960, 0x0000014f68537680, 0x0000014f685362d0,
0x0000014f685390c0, 0x0000014f68536ff0, 0x0000014f68539de0, 0x0000014f685383a0,
0x0000014f68539750, 0x0000014f68538a30, 0x0000014f68537d10, 0x0000014f6853ab00,
0x0000014f6853beb0, 0x0000014f6853b190, 0x0000014f6853cbd0, 0x0000014f6853d260,
0x0000014f6853d8f0, 0x0000014f6853a470, 0x0000014f6b500570, 0x0000014f6b4fd0f0,
0x0000014f6b502640, 0x0000014f6b500c00, 0x0000014f6b501920, 0x0000014f6b501290,
0x0000014f6b5039f0, 0x0000014f6b501fb0, 0x0000014f6b740430, 0x0000014f6b740ac0,
0x0000014f6b73d640, 0x0000014f6b73dcd0, 0x0000014f6b73fda0, 0x0000014f6b73e9f0,
0x0000014f6b73f080, 0x0000014f669e2470
}

Java Threads: ( => current thread )
  0x0000014f70a56990 JavaThread "main"                              [_thread_blocked, id=16744, stack(0x0000000f98400000,0x0000000f98500000) (1024K)]
  0x0000014f7def66b0 JavaThread "Reference Handler"          daemon [_thread_blocked, id=14856, stack(0x0000000f98c00000,0x0000000f98d00000) (1024K)]
  0x0000014f7defd140 JavaThread "Finalizer"                  daemon [_thread_blocked, id=3352, stack(0x0000000f98d00000,0x0000000f98e00000) (1024K)]
  0x0000014f7df01360 JavaThread "Signal Dispatcher"          daemon [_thread_blocked, id=12072, stack(0x0000000f98e00000,0x0000000f98f00000) (1024K)]
  0x0000014f7df01dc0 JavaThread "Attach Listener"            daemon [_thread_blocked, id=16652, stack(0x0000000f98f00000,0x0000000f99000000) (1024K)]
  0x0000014f7df02820 JavaThread "Service Thread"             daemon [_thread_blocked, id=14960, stack(0x0000000f99000000,0x0000000f99100000) (1024K)]
  0x0000014f7df03280 JavaThread "Monitor Deflation Thread"   daemon [_thread_blocked, id=2996, stack(0x0000000f99100000,0x0000000f99200000) (1024K)]
  0x0000014f7df0dc70 JavaThread "C2 CompilerThread0"         daemon [_thread_blocked, id=9112, stack(0x0000000f99200000,0x0000000f99300000) (1024K)]
  0x0000014f7df0e710 JavaThread "C1 CompilerThread0"         daemon [_thread_blocked, id=17120, stack(0x0000000f99300000,0x0000000f99400000) (1024K)]
  0x0000014f206d0f50 JavaThread "Common-Cleaner"             daemon [_thread_blocked, id=15812, stack(0x0000000f99400000,0x0000000f99500000) (1024K)]
  0x0000014f206a7c20 JavaThread "Notification Thread"        daemon [_thread_blocked, id=16868, stack(0x0000000f99500000,0x0000000f99600000) (1024K)]
  0x0000014f66208c50 JavaThread "Daemon health stats"               [_thread_blocked, id=16560, stack(0x0000000f99900000,0x0000000f99a00000) (1024K)]
  0x0000014f207b48d0 JavaThread "Incoming local TCP Connector on port 62022"        [_thread_in_native, id=13860, stack(0x0000000f99a00000,0x0000000f99b00000) (1024K)]
  0x0000014f66ca7800 JavaThread "Daemon periodic checks"            [_thread_blocked, id=17392, stack(0x0000000f99b00000,0x0000000f99c00000) (1024K)]
  0x0000014f6686e050 JavaThread "Daemon"                            [_thread_blocked, id=17404, stack(0x0000000f99c00000,0x0000000f99d00000) (1024K)]
  0x0000014f66110460 JavaThread "Handler for socket connection from /127.0.0.1:62022 to /127.0.0.1:62025"        [_thread_in_native, id=17320, stack(0x0000000f99d00000,0x0000000f99e00000) (1024K)]
  0x0000014f66a283b0 JavaThread "Cancel handler"                    [_thread_blocked, id=4776, stack(0x0000000f99e00000,0x0000000f99f00000) (1024K)]
  0x0000014f66a1f530 JavaThread "Daemon worker"                     [_thread_blocked, id=4888, stack(0x0000000f99f00000,0x0000000f9a000000) (1024K)]
  0x0000014f669df680 JavaThread "Asynchronous log dispatcher for DefaultDaemonConnection: socket connection from /127.0.0.1:62022 to /127.0.0.1:62025"        [_thread_blocked, id=13616, stack(0x0000000f9a000000,0x0000000f9a100000) (1024K)]
  0x0000014f669e03a0 JavaThread "Stdin handler"                     [_thread_blocked, id=12088, stack(0x0000000f9a100000,0x0000000f9a200000) (1024K)]
  0x0000014f669e2b00 JavaThread "Daemon client event forwarder"        [_thread_blocked, id=12580, stack(0x0000000f9a200000,0x0000000f9a300000) (1024K)]
  0x0000014f669e0a30 JavaThread "Cache worker for journal cache (C:\Users\kimch\.gradle\caches\journal-1)"        [_thread_blocked, id=16952, stack(0x0000000f9a300000,0x0000000f9a400000) (1024K)]
  0x0000014f669e10c0 JavaThread "File lock request listener"        [_thread_blocked, id=1164, stack(0x0000000f9a400000,0x0000000f9a500000) (1024K)]
  0x0000014f669dfd10 JavaThread "Cache worker for file hash cache (C:\Users\kimch\.gradle\caches\9.1.0\fileHashes)"        [_thread_blocked, id=9692, stack(0x0000000f9a500000,0x0000000f9a600000) (1024K)]
  0x0000014f689c2830 JavaThread "Cache worker for file hash cache (D:\POS\pos_cafe\android\.gradle\9.1.0\fileHashes)"        [_thread_blocked, id=14836, stack(0x0000000f9a700000,0x0000000f9a800000) (1024K)]
  0x0000014f689c2ec0 JavaThread "Cache worker for Build Output Cleanup Cache (D:\POS\pos_cafe\android\.gradle\buildOutputCleanup)"        [_thread_blocked, id=11588, stack(0x0000000f9a800000,0x0000000f9a900000) (1024K)]
  0x0000014f689c0760 JavaThread "File watcher server"        daemon [_thread_in_native, id=3312, stack(0x0000000f9a900000,0x0000000f9aa00000) (1024K)]
  0x0000014f689c1b10 JavaThread "File watcher consumer"      daemon [_thread_blocked, id=11748, stack(0x0000000f9aa00000,0x0000000f9ab00000) (1024K)]
  0x0000014f689c21a0 JavaThread "Cache worker for checksums cache (D:\POS\pos_cafe\android\.gradle\9.1.0\checksums)"        [_thread_blocked, id=11768, stack(0x0000000f9ab00000,0x0000000f9ac00000) (1024K)]
  0x0000014f689c0df0 JavaThread "Cache worker for file content cache (C:\Users\kimch\.gradle\caches\9.1.0\fileContent)"        [_thread_blocked, id=5860, stack(0x0000000f9ac00000,0x0000000f9ad00000) (1024K)]
  0x0000014f689c00d0 JavaThread "Cache worker for cache directory md-supplier (C:\Users\kimch\.gradle\caches\9.1.0\md-supplier)"        [_thread_blocked, id=14632, stack(0x0000000f9ad00000,0x0000000f9ae00000) (1024K)]
  0x0000014f689c3be0 JavaThread "Cache worker for cache directory md-rule (C:\Users\kimch\.gradle\caches\9.1.0\md-rule)"        [_thread_blocked, id=16864, stack(0x0000000f9ae00000,0x0000000f9af00000) (1024K)]
  0x0000014f689c4270 JavaThread "Cache worker for Build Output Cleanup Cache (D:\flutter\flutter_windows_3.44.6-stable\flutter\packages\flutter_tools\gradle\.gradle\buildOutputCleanup)"        [_thread_blocked, id=11480, stack(0x0000000f9af00000,0x0000000f9b000000) (1024K)]
  0x0000014f689c6340 JavaThread "Unconstrained build operations"        [_thread_blocked, id=9096, stack(0x0000000f9b000000,0x0000000f9b100000) (1024K)]
  0x0000014f689c5620 JavaThread "Unconstrained build operations Thread 2"        [_thread_blocked, id=7344, stack(0x0000000f9b100000,0x0000000f9b200000) (1024K)]
  0x0000014f689c69d0 JavaThread "Unconstrained build operations Thread 3"        [_thread_blocked, id=4832, stack(0x0000000f9b200000,0x0000000f9b300000) (1024K)]
  0x0000014f689c7060 JavaThread "Unconstrained build operations Thread 4"        [_thread_blocked, id=15148, stack(0x0000000f9b300000,0x0000000f9b400000) (1024K)]
  0x0000014f689c5cb0 JavaThread "Unconstrained build operations Thread 5"        [_thread_blocked, id=14596, stack(0x0000000f9b400000,0x0000000f9b500000) (1024K)]
  0x0000014f6927e180 JavaThread "Unconstrained build operations Thread 6"        [_thread_blocked, id=11792, stack(0x0000000f9b500000,0x0000000f9b600000) (1024K)]
  0x0000014f6927c0b0 JavaThread "Unconstrained build operations Thread 7"        [_thread_blocked, id=14360, stack(0x0000000f9b600000,0x0000000f9b700000) (1024K)]
  0x0000014f6927e810 JavaThread "Unconstrained build operations Thread 8"        [_thread_blocked, id=2424, stack(0x0000000f9b700000,0x0000000f9b800000) (1024K)]
  0x0000014f6927daf0 JavaThread "Unconstrained build operations Thread 9"        [_thread_blocked, id=3188, stack(0x0000000f9b800000,0x0000000f9b900000) (1024K)]
  0x0000014f6927eea0 JavaThread "Memory manager"                    [_thread_blocked, id=248, stack(0x0000000f9b900000,0x0000000f9ba00000) (1024K)]
  0x0000014f6927fbc0 JavaThread "build event listener"              [_thread_blocked, id=16784, stack(0x0000000f9ba00000,0x0000000f9bb00000) (1024K)]
  0x0000014f692808e0 JavaThread "Execution worker"                  [_thread_blocked, id=16804, stack(0x0000000f9bc00000,0x0000000f9bd00000) (1024K)]
  0x0000014f6927d460 JavaThread "Execution worker Thread 2"         [_thread_blocked, id=3008, stack(0x0000000f9bd00000,0x0000000f9be00000) (1024K)]
  0x0000014f69280f70 JavaThread "Execution worker Thread 3"         [_thread_blocked, id=16852, stack(0x0000000f9be00000,0x0000000f9bf00000) (1024K)]
  0x0000014f69281c90 JavaThread "Cache worker for execution history cache (D:\flutter\flutter_windows_3.44.6-stable\flutter\packages\flutter_tools\gradle\.gradle\9.1.0\executionHistory)"        [_thread_blocked, id=13548, stack(0x0000000f9bf00000,0x0000000f9c000000) (1024K)]
  0x0000014f692829b0 JavaThread "Unconstrained build operations Thread 10"        [_thread_blocked, id=11496, stack(0x0000000f98100000,0x0000000f98200000) (1024K)]
  0x0000014f69282320 JavaThread "Unconstrained build operations Thread 11"        [_thread_blocked, id=16808, stack(0x0000000f98200000,0x0000000f98300000) (1024K)]
  0x0000014f69283040 JavaThread "Unconstrained build operations Thread 12"        [_thread_blocked, id=13612, stack(0x0000000f98300000,0x0000000f98400000) (1024K)]
  0x0000014f69281600 JavaThread "Unconstrained build operations Thread 13"        [_thread_blocked, id=13632, stack(0x0000000f9c000000,0x0000000f9c100000) (1024K)]
  0x0000014f692836d0 JavaThread "Unconstrained build operations Thread 14"        [_thread_blocked, id=584, stack(0x0000000f9c100000,0x0000000f9c200000) (1024K)]
  0x0000014f68536960 JavaThread "Unconstrained build operations Thread 15"        [_thread_blocked, id=16676, stack(0x0000000f9c200000,0x0000000f9c300000) (1024K)]
  0x0000014f68537680 JavaThread "Unconstrained build operations Thread 16"        [_thread_blocked, id=16008, stack(0x0000000f9c300000,0x0000000f9c400000) (1024K)]
  0x0000014f685362d0 JavaThread "Unconstrained build operations Thread 17"        [_thread_blocked, id=17124, stack(0x0000000f9c400000,0x0000000f9c500000) (1024K)]
  0x0000014f685390c0 JavaThread "Unconstrained build operations Thread 18"        [_thread_blocked, id=12276, stack(0x0000000f9c500000,0x0000000f9c600000) (1024K)]
  0x0000014f68536ff0 JavaThread "Unconstrained build operations Thread 19"        [_thread_blocked, id=10976, stack(0x0000000f9c600000,0x0000000f9c700000) (1024K)]
  0x0000014f68539de0 JavaThread "Unconstrained build operations Thread 20"        [_thread_blocked, id=16424, stack(0x0000000f9c700000,0x0000000f9c800000) (1024K)]
  0x0000014f685383a0 JavaThread "Unconstrained build operations Thread 21"        [_thread_blocked, id=16004, stack(0x0000000f9c800000,0x0000000f9c900000) (1024K)]
  0x0000014f68539750 JavaThread "Unconstrained build operations Thread 22"        [_thread_blocked, id=14024, stack(0x0000000f9c900000,0x0000000f9ca00000) (1024K)]
  0x0000014f68538a30 JavaThread "Unconstrained build operations Thread 23"        [_thread_blocked, id=6868, stack(0x0000000f9ca00000,0x0000000f9cb00000) (1024K)]
  0x0000014f68537d10 JavaThread "Unconstrained build operations Thread 24"        [_thread_blocked, id=3300, stack(0x0000000f9cb00000,0x0000000f9cc00000) (1024K)]
  0x0000014f6853ab00 JavaThread "Unconstrained build operations Thread 25"        [_thread_blocked, id=11840, stack(0x0000000f9cc00000,0x0000000f9cd00000) (1024K)]
  0x0000014f6853beb0 JavaThread "Unconstrained build operations Thread 26"        [_thread_blocked, id=16824, stack(0x0000000f9cd00000,0x0000000f9ce00000) (1024K)]
  0x0000014f6853b190 JavaThread "Unconstrained build operations Thread 27"        [_thread_blocked, id=16356, stack(0x0000000f9ce00000,0x0000000f9cf00000) (1024K)]
  0x0000014f6853cbd0 JavaThread "Unconstrained build operations Thread 28"        [_thread_blocked, id=5376, stack(0x0000000f9cf00000,0x0000000f9d000000) (1024K)]
  0x0000014f6853d260 JavaThread "Unconstrained build operations Thread 29"        [_thread_blocked, id=16632, stack(0x0000000f9d000000,0x0000000f9d100000) (1024K)]
  0x0000014f6853d8f0 JavaThread "build event listener"              [_thread_blocked, id=7288, stack(0x0000000f9d100000,0x0000000f9d200000) (1024K)]
  0x0000014f6853a470 JavaThread "build event listener"              [_thread_blocked, id=3012, stack(0x0000000f9d200000,0x0000000f9d300000) (1024K)]
  0x0000014f6b500570 JavaThread "Problems report writer"            [_thread_blocked, id=9184, stack(0x0000000f9bb00000,0x0000000f9bc00000) (1024K)]
  0x0000014f6b4fd0f0 JavaThread "jar transforms"                    [_thread_blocked, id=14432, stack(0x0000000f9d300000,0x0000000f9d400000) (1024K)]
  0x0000014f6b502640 JavaThread "Unconstrained build operations Thread 30"        [_thread_blocked, id=4612, stack(0x0000000f9d400000,0x0000000f9d500000) (1024K)]
  0x0000014f6b500c00 JavaThread "Unconstrained build operations Thread 31"        [_thread_blocked, id=16876, stack(0x0000000f9d500000,0x0000000f9d600000) (1024K)]
  0x0000014f6b501920 JavaThread "Unconstrained build operations Thread 32"        [_thread_blocked, id=1844, stack(0x0000000f9d600000,0x0000000f9d700000) (1024K)]
  0x0000014f6b501290 JavaThread "Unconstrained build operations Thread 33"        [_thread_blocked, id=16724, stack(0x0000000f9d700000,0x0000000f9d800000) (1024K)]
  0x0000014f6b5039f0 JavaThread "Unconstrained build operations Thread 34"        [_thread_blocked, id=14396, stack(0x0000000f9d800000,0x0000000f9d900000) (1024K)]
  0x0000014f6b501fb0 JavaThread "Unconstrained build operations Thread 35"        [_thread_blocked, id=12604, stack(0x0000000f9d900000,0x0000000f9da00000) (1024K)]
  0x0000014f6b740430 JavaThread "File lock release action executor Thread 2"        [_thread_blocked, id=6904, stack(0x0000000f9da00000,0x0000000f9db00000) (1024K)]
  0x0000014f6b740ac0 JavaThread "Unconstrained build operations Thread 36"        [_thread_blocked, id=10452, stack(0x0000000f9dc00000,0x0000000f9dd00000) (1024K)]
  0x0000014f6b73d640 JavaThread "Unconstrained build operations Thread 37"        [_thread_blocked, id=9220, stack(0x0000000f9dd00000,0x0000000f9de00000) (1024K)]
  0x0000014f6b73dcd0 JavaThread "Unconstrained build operations Thread 38"        [_thread_blocked, id=13232, stack(0x0000000f9de00000,0x0000000f9df00000) (1024K)]
  0x0000014f6b73fda0 JavaThread "File lock release action executor Thread 3"        [_thread_blocked, id=17316, stack(0x0000000f9a600000,0x0000000f9a700000) (1024K)]
  0x0000014f6b73e9f0 JavaThread "File lock release action executor Thread 4"        [_thread_blocked, id=17264, stack(0x0000000f9db00000,0x0000000f9dc00000) (1024K)]
  0x0000014f6b73f080 JavaThread "File lock release action executor Thread 5"        [_thread_blocked, id=15144, stack(0x0000000f9df00000,0x0000000f9e000000) (1024K)]
  0x0000014f669e2470 JavaThread "File lock release action executor Thread 6"        [_thread_blocked, id=14096, stack(0x0000000f9e000000,0x0000000f9e100000) (1024K)]
Total: 86

Other Threads:
=>0x0000014f7ded9860 VMThread "VM Thread"                           [id=9988, stack(0x0000000f98b00000,0x0000000f98c00000) (1024K)]
  0x0000014f7debdeb0 WatcherThread "VM Periodic Task Thread"        [id=13028, stack(0x0000000f98a00000,0x0000000f98b00000) (1024K)]
  0x0000014f70affd60 WorkerThread "GC Thread#0"                     [id=16176, stack(0x0000000f98500000,0x0000000f98600000) (1024K)]
  0x0000014f7ded9100 WorkerThread "GC Thread#1"                     [id=6652, stack(0x0000000f99600000,0x0000000f99700000) (1024K)]
  0x0000014f7ded9c10 WorkerThread "GC Thread#2"                     [id=16904, stack(0x0000000f99700000,0x0000000f99800000) (1024K)]
  0x0000014f7ded89a0 WorkerThread "GC Thread#3"                     [id=7880, stack(0x0000000f99800000,0x0000000f99900000) (1024K)]
  0x0000014f7dd64090 ConcurrentGCThread "G1 Main Marker"            [id=16748, stack(0x0000000f98600000,0x0000000f98700000) (1024K)]
  0x0000014f70b0d7c0 WorkerThread "G1 Conc#0"                       [id=14532, stack(0x0000000f98700000,0x0000000f98800000) (1024K)]
  0x0000014f7dd87870 ConcurrentGCThread "G1 Refine#0"               [id=11304, stack(0x0000000f98800000,0x0000000f98900000) (1024K)]
  0x0000014f7dd89ed0 ConcurrentGCThread "G1 Service"                [id=7236, stack(0x0000000f98900000,0x0000000f98a00000) (1024K)]
Total: 10

Threads with active compile tasks:
C2 CompilerThread0  513091 15812  s    4       java.net.DatagramPacket::setData (42 bytes)
Total: 1

VM state: at safepoint (normal execution)

VM Mutex/Monitor currently owned by a thread:  ([mutex/lock_event])
[0x00007ffead14f570] Threads_lock - owner thread: 0x0000014f7ded9860
[0x00007ffead14f670] Heap_lock - owner thread: 0x0000014f66a1f530

Heap address: 0x0000000600000000, size: 8192 MB, Compressed Oops mode: Zero based, Oop shift amount: 3

CDS archive(s) mapped at: [0x0000014f21000000-0x0000014f21ba0000-0x0000014f21ba0000), size 12189696, SharedBaseAddress: 0x0000014f21000000, ArchiveRelocationMode: 1.
Compressed class space mapped at: 0x0000014f22000000-0x0000014f62000000, reserved size: 1073741824
Narrow klass base: 0x0000014f21000000, Narrow klass shift: 0, Narrow klass range: 0x100000000

GC Precious Log:
 CardTable entry size: 512
 Card Set container configuration: InlinePtr #cards 4 size 8 Array Of Cards #cards 32 size 80 Howl #buckets 8 coarsen threshold 7372 Howl Bitmap #cards 1024 size 144 coarsen threshold 921 Card regions per heap region 1 cards per card region 8192
 CPUs: 4 total, 4 available
 Memory: 3873M
 Large Page Support: Disabled
 NUMA Support: Disabled
 Compressed Oops: Enabled (Zero based)
 Heap Region Size: 4M
 Heap Min Capacity: 8M
 Heap Initial Capacity: 64M
 Heap Max Capacity: 8G
 Pre-touch: Disabled
 Parallel Workers: 4
 Concurrent Workers: 1
 Concurrent Refinement Workers: 4
 Periodic GC: Disabled

Heap:
 garbage-first heap   total 1290240K, used 148301K [0x0000000600000000, 0x0000000800000000)
  region size 4096K, 1 young (4096K), 1 survivors (4096K)
 Metaspace       used 107970K, committed 110400K, reserved 1179648K
  class space    used 15367K, committed 16576K, reserved 1048576K

Heap Regions: E=young(eden), S=young(survivor), O=old, HS=humongous(starts), HC=humongous(continues), CS=collection set, F=free, TAMS=top-at-mark-start, PB=parsable bottom
|   0|0x0000000600000000, 0x0000000600400000, 0x0000000600400000|100%|HS|  |TAMS 0x0000000600000000| PB 0x0000000600000000| Complete 
|   1|0x0000000600400000, 0x0000000600800000, 0x0000000600800000|100%| O|  |TAMS 0x0000000600400000| PB 0x0000000600400000| Untracked 
|   2|0x0000000600800000, 0x0000000600c00000, 0x0000000600c00000|100%| O|  |TAMS 0x0000000600800000| PB 0x0000000600800000| Untracked 
|   3|0x0000000600c00000, 0x0000000601000000, 0x0000000601000000|100%| O|  |TAMS 0x0000000600c00000| PB 0x0000000600c00000| Untracked 
|   4|0x0000000601000000, 0x0000000601400000, 0x0000000601400000|100%| O|  |TAMS 0x0000000601000000| PB 0x0000000601000000| Untracked 
|   5|0x0000000601400000, 0x0000000601800000, 0x0000000601800000|100%| O|  |TAMS 0x0000000601400000| PB 0x0000000601400000| Untracked 
|   6|0x0000000601800000, 0x0000000601c00000, 0x0000000601c00000|100%| O|  |TAMS 0x0000000601800000| PB 0x0000000601800000| Untracked 
|   7|0x0000000601c00000, 0x0000000602000000, 0x0000000602000000|100%| O|  |TAMS 0x0000000601c00000| PB 0x0000000601c00000| Untracked 
|   8|0x0000000602000000, 0x0000000602400000, 0x0000000602400000|100%| O|  |TAMS 0x0000000602000000| PB 0x0000000602000000| Untracked 
|   9|0x0000000602400000, 0x0000000602800000, 0x0000000602800000|100%| O|  |TAMS 0x0000000602400000| PB 0x0000000602400000| Untracked 
|  10|0x0000000602800000, 0x0000000602c00000, 0x0000000602c00000|100%| O|  |TAMS 0x0000000602800000| PB 0x0000000602800000| Untracked 
|  11|0x0000000602c00000, 0x0000000603000000, 0x0000000603000000|100%| O|  |TAMS 0x0000000602c00000| PB 0x0000000602c00000| Untracked 
|  12|0x0000000603000000, 0x0000000603400000, 0x0000000603400000|100%| O|  |TAMS 0x0000000603000000| PB 0x0000000603000000| Untracked 
|  13|0x0000000603400000, 0x0000000603800000, 0x0000000603800000|100%| O|  |TAMS 0x0000000603400000| PB 0x0000000603400000| Untracked 
|  14|0x0000000603800000, 0x0000000603c00000, 0x0000000603c00000|100%| O|  |TAMS 0x0000000603800000| PB 0x0000000603800000| Untracked 
|  15|0x0000000603c00000, 0x0000000604000000, 0x0000000604000000|100%| O|  |TAMS 0x0000000603c00000| PB 0x0000000603c00000| Untracked 
|  16|0x0000000604000000, 0x0000000604400000, 0x0000000604400000|100%| O|  |TAMS 0x0000000604000000| PB 0x0000000604000000| Untracked 
|  17|0x0000000604400000, 0x0000000604800000, 0x0000000604800000|100%| O|  |TAMS 0x0000000604400000| PB 0x0000000604400000| Untracked 
|  18|0x0000000604800000, 0x0000000604c00000, 0x0000000604c00000|100%| O|  |TAMS 0x0000000604800000| PB 0x0000000604800000| Untracked 
|  19|0x0000000604c00000, 0x0000000605000000, 0x0000000605000000|100%| O|  |TAMS 0x0000000604c00000| PB 0x0000000604c00000| Untracked 
|  20|0x0000000605000000, 0x0000000605400000, 0x0000000605400000|100%| O|  |TAMS 0x0000000605000000| PB 0x0000000605000000| Untracked 
|  21|0x0000000605400000, 0x0000000605800000, 0x0000000605800000|100%| O|  |TAMS 0x0000000605400000| PB 0x0000000605400000| Untracked 
|  22|0x0000000605800000, 0x0000000605c00000, 0x0000000605c00000|100%| O|  |TAMS 0x0000000605800000| PB 0x0000000605800000| Untracked 
|  23|0x0000000605c00000, 0x0000000606000000, 0x0000000606000000|100%| O|  |TAMS 0x0000000605c00000| PB 0x0000000605c00000| Untracked 
|  24|0x0000000606000000, 0x0000000606400000, 0x0000000606400000|100%| O|  |TAMS 0x0000000606000000| PB 0x0000000606000000| Untracked 
|  25|0x0000000606400000, 0x0000000606800000, 0x0000000606800000|100%| O|  |TAMS 0x0000000606400000| PB 0x0000000606400000| Untracked 
|  26|0x0000000606800000, 0x0000000606c00000, 0x0000000606c00000|100%| O|  |TAMS 0x0000000606800000| PB 0x0000000606800000| Untracked 
|  27|0x0000000606c00000, 0x0000000607000000, 0x0000000607000000|100%| O|  |TAMS 0x0000000606c00000| PB 0x0000000606c00000| Untracked 
|  28|0x0000000607000000, 0x0000000607400000, 0x0000000607400000|100%| O|  |TAMS 0x0000000607000000| PB 0x0000000607000000| Untracked 
|  29|0x0000000607400000, 0x0000000607800000, 0x0000000607800000|100%| O|  |TAMS 0x0000000607400000| PB 0x0000000607400000| Untracked 
|  30|0x0000000607800000, 0x0000000607c00000, 0x0000000607c00000|100%| O|  |TAMS 0x0000000607800000| PB 0x0000000607800000| Untracked 
|  31|0x0000000607c00000, 0x0000000608000000, 0x0000000608000000|100%| O|  |TAMS 0x0000000607c00000| PB 0x0000000607c00000| Untracked 
|  32|0x0000000608000000, 0x0000000608101810, 0x0000000608400000| 25%| O|  |TAMS 0x0000000608000000| PB 0x0000000608000000| Untracked 
|  33|0x0000000608400000, 0x0000000608400000, 0x0000000608800000|  0%| F|  |TAMS 0x0000000608400000| PB 0x0000000608400000| Untracked 
|  34|0x0000000608800000, 0x0000000608800000, 0x0000000608c00000|  0%| F|  |TAMS 0x0000000608800000| PB 0x0000000608800000| Untracked 
|  35|0x0000000608c00000, 0x0000000608c00000, 0x0000000609000000|  0%| F|  |TAMS 0x0000000608c00000| PB 0x0000000608c00000| Untracked 
|  36|0x0000000609000000, 0x0000000609000000, 0x0000000609400000|  0%| F|  |TAMS 0x0000000609000000| PB 0x0000000609000000| Untracked 
|  37|0x0000000609400000, 0x0000000609400000, 0x0000000609800000|  0%| F|  |TAMS 0x0000000609400000| PB 0x0000000609400000| Untracked 
|  38|0x0000000609800000, 0x0000000609800000, 0x0000000609c00000|  0%| F|  |TAMS 0x0000000609800000| PB 0x0000000609800000| Untracked 
|  39|0x0000000609c00000, 0x0000000609c00000, 0x000000060a000000|  0%| F|  |TAMS 0x0000000609c00000| PB 0x0000000609c00000| Untracked 
|  40|0x000000060a000000, 0x000000060a000000, 0x000000060a400000|  0%| F|  |TAMS 0x000000060a000000| PB 0x000000060a000000| Untracked 
|  41|0x000000060a400000, 0x000000060a400000, 0x000000060a800000|  0%| F|  |TAMS 0x000000060a400000| PB 0x000000060a400000| Untracked 
|  42|0x000000060a800000, 0x000000060a800000, 0x000000060ac00000|  0%| F|  |TAMS 0x000000060a800000| PB 0x000000060a800000| Untracked 
|  43|0x000000060ac00000, 0x000000060ac00000, 0x000000060b000000|  0%| F|  |TAMS 0x000000060ac00000| PB 0x000000060ac00000| Untracked 
|  44|0x000000060b000000, 0x000000060b000000, 0x000000060b400000|  0%| F|  |TAMS 0x000000060b000000| PB 0x000000060b000000| Untracked 
|  45|0x000000060b400000, 0x000000060b400000, 0x000000060b800000|  0%| F|  |TAMS 0x000000060b400000| PB 0x000000060b400000| Untracked 
|  46|0x000000060b800000, 0x000000060b800000, 0x000000060bc00000|  0%| F|  |TAMS 0x000000060b800000| PB 0x000000060b800000| Untracked 
|  47|0x000000060bc00000, 0x000000060bc00000, 0x000000060c000000|  0%| F|  |TAMS 0x000000060bc00000| PB 0x000000060bc00000| Untracked 
|  48|0x000000060c000000, 0x000000060c000000, 0x000000060c400000|  0%| F|  |TAMS 0x000000060c000000| PB 0x000000060c000000| Untracked 
|  49|0x000000060c400000, 0x000000060c400000, 0x000000060c800000|  0%| F|  |TAMS 0x000000060c400000| PB 0x000000060c400000| Untracked 
|  50|0x000000060c800000, 0x000000060c800000, 0x000000060cc00000|  0%| F|  |TAMS 0x000000060c800000| PB 0x000000060c800000| Untracked 
|  51|0x000000060cc00000, 0x000000060cc00000, 0x000000060d000000|  0%| F|  |TAMS 0x000000060cc00000| PB 0x000000060cc00000| Untracked 
|  52|0x000000060d000000, 0x000000060d000000, 0x000000060d400000|  0%| F|  |TAMS 0x000000060d000000| PB 0x000000060d000000| Untracked 
|  53|0x000000060d400000, 0x000000060d400000, 0x000000060d800000|  0%| F|  |TAMS 0x000000060d400000| PB 0x000000060d400000| Untracked 
|  54|0x000000060d800000, 0x000000060d800000, 0x000000060dc00000|  0%| F|  |TAMS 0x000000060d800000| PB 0x000000060d800000| Untracked 
|  55|0x000000060dc00000, 0x000000060dc00000, 0x000000060e000000|  0%| F|  |TAMS 0x000000060dc00000| PB 0x000000060dc00000| Untracked 
|  56|0x000000060e000000, 0x000000060e000000, 0x000000060e400000|  0%| F|  |TAMS 0x000000060e000000| PB 0x000000060e000000| Untracked 
|  57|0x000000060e400000, 0x000000060e400000, 0x000000060e800000|  0%| F|  |TAMS 0x000000060e400000| PB 0x000000060e400000| Untracked 
|  58|0x000000060e800000, 0x000000060e800000, 0x000000060ec00000|  0%| F|  |TAMS 0x000000060e800000| PB 0x000000060e800000| Untracked 
|  59|0x000000060ec00000, 0x000000060ec00000, 0x000000060f000000|  0%| F|  |TAMS 0x000000060ec00000| PB 0x000000060ec00000| Untracked 
|  60|0x000000060f000000, 0x000000060f000000, 0x000000060f400000|  0%| F|  |TAMS 0x000000060f000000| PB 0x000000060f000000| Untracked 
|  61|0x000000060f400000, 0x000000060f400000, 0x000000060f800000|  0%| F|  |TAMS 0x000000060f400000| PB 0x000000060f400000| Untracked 
|  62|0x000000060f800000, 0x000000060f800000, 0x000000060fc00000|  0%| F|  |TAMS 0x000000060f800000| PB 0x000000060f800000| Untracked 
|  63|0x000000060fc00000, 0x000000060fc00000, 0x0000000610000000|  0%| F|  |TAMS 0x000000060fc00000| PB 0x000000060fc00000| Untracked 
|  64|0x0000000610000000, 0x0000000610000000, 0x0000000610400000|  0%| F|  |TAMS 0x0000000610000000| PB 0x0000000610000000| Untracked 
|  65|0x0000000610400000, 0x0000000610400000, 0x0000000610800000|  0%| F|  |TAMS 0x0000000610400000| PB 0x0000000610400000| Untracked 
|  66|0x0000000610800000, 0x0000000610800000, 0x0000000610c00000|  0%| F|  |TAMS 0x0000000610800000| PB 0x0000000610800000| Untracked 
|  67|0x0000000610c00000, 0x0000000610c00000, 0x0000000611000000|  0%| F|  |TAMS 0x0000000610c00000| PB 0x0000000610c00000| Untracked 
|  68|0x0000000611000000, 0x0000000611000000, 0x0000000611400000|  0%| F|  |TAMS 0x0000000611000000| PB 0x0000000611000000| Untracked 
|  69|0x0000000611400000, 0x0000000611400000, 0x0000000611800000|  0%| F|  |TAMS 0x0000000611400000| PB 0x0000000611400000| Untracked 
|  70|0x0000000611800000, 0x0000000611800000, 0x0000000611c00000|  0%| F|  |TAMS 0x0000000611800000| PB 0x0000000611800000| Untracked 
|  71|0x0000000611c00000, 0x0000000611c00000, 0x0000000612000000|  0%| F|  |TAMS 0x0000000611c00000| PB 0x0000000611c00000| Untracked 
|  72|0x0000000612000000, 0x0000000612000000, 0x0000000612400000|  0%| F|  |TAMS 0x0000000612000000| PB 0x0000000612000000| Untracked 
|  73|0x0000000612400000, 0x0000000612400000, 0x0000000612800000|  0%| F|  |TAMS 0x0000000612400000| PB 0x0000000612400000| Untracked 
|  74|0x0000000612800000, 0x0000000612800000, 0x0000000612c00000|  0%| F|  |TAMS 0x0000000612800000| PB 0x0000000612800000| Untracked 
|  75|0x0000000612c00000, 0x0000000612c00000, 0x0000000613000000|  0%| F|  |TAMS 0x0000000612c00000| PB 0x0000000612c00000| Untracked 
|  76|0x0000000613000000, 0x0000000613000000, 0x0000000613400000|  0%| F|  |TAMS 0x0000000613000000| PB 0x0000000613000000| Untracked 
|  77|0x0000000613400000, 0x0000000613400000, 0x0000000613800000|  0%| F|  |TAMS 0x0000000613400000| PB 0x0000000613400000| Untracked 
|  78|0x0000000613800000, 0x0000000613800000, 0x0000000613c00000|  0%| F|  |TAMS 0x0000000613800000| PB 0x0000000613800000| Untracked 
|  79|0x0000000613c00000, 0x0000000613c00000, 0x0000000614000000|  0%| F|  |TAMS 0x0000000613c00000| PB 0x0000000613c00000| Untracked 
|  80|0x0000000614000000, 0x0000000614000000, 0x0000000614400000|  0%| F|  |TAMS 0x0000000614000000| PB 0x0000000614000000| Untracked 
|  81|0x0000000614400000, 0x0000000614400000, 0x0000000614800000|  0%| F|  |TAMS 0x0000000614400000| PB 0x0000000614400000| Untracked 
|  82|0x0000000614800000, 0x0000000614800000, 0x0000000614c00000|  0%| F|  |TAMS 0x0000000614800000| PB 0x0000000614800000| Untracked 
|  83|0x0000000614c00000, 0x0000000614c00000, 0x0000000615000000|  0%| F|  |TAMS 0x0000000614c00000| PB 0x0000000614c00000| Untracked 
|  84|0x0000000615000000, 0x0000000615000000, 0x0000000615400000|  0%| F|  |TAMS 0x0000000615000000| PB 0x0000000615000000| Untracked 
|  85|0x0000000615400000, 0x0000000615400000, 0x0000000615800000|  0%| F|  |TAMS 0x0000000615400000| PB 0x0000000615400000| Untracked 
|  86|0x0000000615800000, 0x0000000615800000, 0x0000000615c00000|  0%| F|  |TAMS 0x0000000615800000| PB 0x0000000615800000| Untracked 
|  87|0x0000000615c00000, 0x0000000615c00000, 0x0000000616000000|  0%| F|  |TAMS 0x0000000615c00000| PB 0x0000000615c00000| Untracked 
|  88|0x0000000616000000, 0x0000000616000000, 0x0000000616400000|  0%| F|  |TAMS 0x0000000616000000| PB 0x0000000616000000| Untracked 
|  89|0x0000000616400000, 0x0000000616400000, 0x0000000616800000|  0%| F|  |TAMS 0x0000000616400000| PB 0x0000000616400000| Untracked 
|  90|0x0000000616800000, 0x0000000616800000, 0x0000000616c00000|  0%| F|  |TAMS 0x0000000616800000| PB 0x0000000616800000| Untracked 
|  91|0x0000000616c00000, 0x0000000616c00000, 0x0000000617000000|  0%| F|  |TAMS 0x0000000616c00000| PB 0x0000000616c00000| Untracked 
|  92|0x0000000617000000, 0x0000000617000000, 0x0000000617400000|  0%| F|  |TAMS 0x0000000617000000| PB 0x0000000617000000| Untracked 
|  93|0x0000000617400000, 0x0000000617400000, 0x0000000617800000|  0%| F|  |TAMS 0x0000000617400000| PB 0x0000000617400000| Untracked 
|  94|0x0000000617800000, 0x0000000617800000, 0x0000000617c00000|  0%| F|  |TAMS 0x0000000617800000| PB 0x0000000617800000| Untracked 
|  95|0x0000000617c00000, 0x0000000617c00000, 0x0000000618000000|  0%| F|  |TAMS 0x0000000617c00000| PB 0x0000000617c00000| Untracked 
|  96|0x0000000618000000, 0x0000000618000000, 0x0000000618400000|  0%| F|  |TAMS 0x0000000618000000| PB 0x0000000618000000| Untracked 
|  97|0x0000000618400000, 0x0000000618400000, 0x0000000618800000|  0%| F|  |TAMS 0x0000000618400000| PB 0x0000000618400000| Untracked 
|  98|0x0000000618800000, 0x0000000618800000, 0x0000000618c00000|  0%| F|  |TAMS 0x0000000618800000| PB 0x0000000618800000| Untracked 
|  99|0x0000000618c00000, 0x0000000618c00000, 0x0000000619000000|  0%| F|  |TAMS 0x0000000618c00000| PB 0x0000000618c00000| Untracked 
| 100|0x0000000619000000, 0x0000000619000000, 0x0000000619400000|  0%| F|  |TAMS 0x0000000619000000| PB 0x0000000619000000| Untracked 
| 101|0x0000000619400000, 0x0000000619400000, 0x0000000619800000|  0%| F|  |TAMS 0x0000000619400000| PB 0x0000000619400000| Untracked 
| 102|0x0000000619800000, 0x0000000619800000, 0x0000000619c00000|  0%| F|  |TAMS 0x0000000619800000| PB 0x0000000619800000| Untracked 
| 103|0x0000000619c00000, 0x0000000619c00000, 0x000000061a000000|  0%| F|  |TAMS 0x0000000619c00000| PB 0x0000000619c00000| Untracked 
| 104|0x000000061a000000, 0x000000061a000000, 0x000000061a400000|  0%| F|  |TAMS 0x000000061a000000| PB 0x000000061a000000| Untracked 
| 105|0x000000061a400000, 0x000000061a400000, 0x000000061a800000|  0%| F|  |TAMS 0x000000061a400000| PB 0x000000061a400000| Untracked 
| 106|0x000000061a800000, 0x000000061a800000, 0x000000061ac00000|  0%| F|  |TAMS 0x000000061a800000| PB 0x000000061a800000| Untracked 
| 107|0x000000061ac00000, 0x000000061ac00000, 0x000000061b000000|  0%| F|  |TAMS 0x000000061ac00000| PB 0x000000061ac00000| Untracked 
| 108|0x000000061b000000, 0x000000061b000000, 0x000000061b400000|  0%| F|  |TAMS 0x000000061b000000| PB 0x000000061b000000| Untracked 
| 109|0x000000061b400000, 0x000000061b400000, 0x000000061b800000|  0%| F|  |TAMS 0x000000061b400000| PB 0x000000061b400000| Untracked 
| 110|0x000000061b800000, 0x000000061b800000, 0x000000061bc00000|  0%| F|  |TAMS 0x000000061b800000| PB 0x000000061b800000| Untracked 
| 111|0x000000061bc00000, 0x000000061bc00000, 0x000000061c000000|  0%| F|  |TAMS 0x000000061bc00000| PB 0x000000061bc00000| Untracked 
| 112|0x000000061c000000, 0x000000061c000000, 0x000000061c400000|  0%| F|  |TAMS 0x000000061c000000| PB 0x000000061c000000| Untracked 
| 113|0x000000061c400000, 0x000000061c400000, 0x000000061c800000|  0%| F|  |TAMS 0x000000061c400000| PB 0x000000061c400000| Untracked 
| 114|0x000000061c800000, 0x000000061c800000, 0x000000061cc00000|  0%| F|  |TAMS 0x000000061c800000| PB 0x000000061c800000| Untracked 
| 115|0x000000061cc00000, 0x000000061cc00000, 0x000000061d000000|  0%| F|  |TAMS 0x000000061cc00000| PB 0x000000061cc00000| Untracked 
| 116|0x000000061d000000, 0x000000061d000000, 0x000000061d400000|  0%| F|  |TAMS 0x000000061d000000| PB 0x000000061d000000| Untracked 
| 117|0x000000061d400000, 0x000000061d400000, 0x000000061d800000|  0%| F|  |TAMS 0x000000061d400000| PB 0x000000061d400000| Untracked 
| 118|0x000000061d800000, 0x000000061d800000, 0x000000061dc00000|  0%| F|  |TAMS 0x000000061d800000| PB 0x000000061d800000| Untracked 
| 119|0x000000061dc00000, 0x000000061dc00000, 0x000000061e000000|  0%| F|  |TAMS 0x000000061dc00000| PB 0x000000061dc00000| Untracked 
| 120|0x000000061e000000, 0x000000061e000000, 0x000000061e400000|  0%| F|  |TAMS 0x000000061e000000| PB 0x000000061e000000| Untracked 
| 121|0x000000061e400000, 0x000000061e400000, 0x000000061e800000|  0%| F|  |TAMS 0x000000061e400000| PB 0x000000061e400000| Untracked 
| 122|0x000000061e800000, 0x000000061e800000, 0x000000061ec00000|  0%| F|  |TAMS 0x000000061e800000| PB 0x000000061e800000| Untracked 
| 123|0x000000061ec00000, 0x000000061ec00000, 0x000000061f000000|  0%| F|  |TAMS 0x000000061ec00000| PB 0x000000061ec00000| Untracked 
| 124|0x000000061f000000, 0x000000061f000000, 0x000000061f400000|  0%| F|  |TAMS 0x000000061f000000| PB 0x000000061f000000| Untracked 
| 125|0x000000061f400000, 0x000000061f400000, 0x000000061f800000|  0%| F|  |TAMS 0x000000061f400000| PB 0x000000061f400000| Untracked 
| 126|0x000000061f800000, 0x000000061f800000, 0x000000061fc00000|  0%| F|  |TAMS 0x000000061f800000| PB 0x000000061f800000| Untracked 
| 127|0x000000061fc00000, 0x000000061fc00000, 0x0000000620000000|  0%| F|  |TAMS 0x000000061fc00000| PB 0x000000061fc00000| Untracked 
| 128|0x0000000620000000, 0x0000000620000000, 0x0000000620400000|  0%| F|  |TAMS 0x0000000620000000| PB 0x0000000620000000| Untracked 
| 129|0x0000000620400000, 0x0000000620400000, 0x0000000620800000|  0%| F|  |TAMS 0x0000000620400000| PB 0x0000000620400000| Untracked 
| 130|0x0000000620800000, 0x0000000620800000, 0x0000000620c00000|  0%| F|  |TAMS 0x0000000620800000| PB 0x0000000620800000| Untracked 
| 131|0x0000000620c00000, 0x0000000620c00000, 0x0000000621000000|  0%| F|  |TAMS 0x0000000620c00000| PB 0x0000000620c00000| Untracked 
| 132|0x0000000621000000, 0x0000000621000000, 0x0000000621400000|  0%| F|  |TAMS 0x0000000621000000| PB 0x0000000621000000| Untracked 
| 133|0x0000000621400000, 0x0000000621400000, 0x0000000621800000|  0%| F|  |TAMS 0x0000000621400000| PB 0x0000000621400000| Untracked 
| 134|0x0000000621800000, 0x0000000621800000, 0x0000000621c00000|  0%| F|  |TAMS 0x0000000621800000| PB 0x0000000621800000| Untracked 
| 135|0x0000000621c00000, 0x0000000621c00000, 0x0000000622000000|  0%| F|  |TAMS 0x0000000621c00000| PB 0x0000000621c00000| Untracked 
| 136|0x0000000622000000, 0x0000000622000000, 0x0000000622400000|  0%| F|  |TAMS 0x0000000622000000| PB 0x0000000622000000| Untracked 
| 137|0x0000000622400000, 0x0000000622400000, 0x0000000622800000|  0%| F|  |TAMS 0x0000000622400000| PB 0x0000000622400000| Untracked 
| 138|0x0000000622800000, 0x0000000622800000, 0x0000000622c00000|  0%| F|  |TAMS 0x0000000622800000| PB 0x0000000622800000| Untracked 
| 139|0x0000000622c00000, 0x0000000622c00000, 0x0000000623000000|  0%| F|  |TAMS 0x0000000622c00000| PB 0x0000000622c00000| Untracked 
| 140|0x0000000623000000, 0x0000000623000000, 0x0000000623400000|  0%| F|  |TAMS 0x0000000623000000| PB 0x0000000623000000| Untracked 
| 141|0x0000000623400000, 0x0000000623400000, 0x0000000623800000|  0%| F|  |TAMS 0x0000000623400000| PB 0x0000000623400000| Untracked 
| 142|0x0000000623800000, 0x0000000623800000, 0x0000000623c00000|  0%| F|  |TAMS 0x0000000623800000| PB 0x0000000623800000| Untracked 
| 143|0x0000000623c00000, 0x0000000623c00000, 0x0000000624000000|  0%| F|  |TAMS 0x0000000623c00000| PB 0x0000000623c00000| Untracked 
| 144|0x0000000624000000, 0x0000000624000000, 0x0000000624400000|  0%| F|  |TAMS 0x0000000624000000| PB 0x0000000624000000| Untracked 
| 145|0x0000000624400000, 0x0000000624400000, 0x0000000624800000|  0%| F|  |TAMS 0x0000000624400000| PB 0x0000000624400000| Untracked 
| 146|0x0000000624800000, 0x0000000624800000, 0x0000000624c00000|  0%| F|  |TAMS 0x0000000624800000| PB 0x0000000624800000| Untracked 
| 147|0x0000000624c00000, 0x0000000624c00000, 0x0000000625000000|  0%| F|  |TAMS 0x0000000624c00000| PB 0x0000000624c00000| Untracked 
| 148|0x0000000625000000, 0x0000000625000000, 0x0000000625400000|  0%| F|  |TAMS 0x0000000625000000| PB 0x0000000625000000| Untracked 
| 149|0x0000000625400000, 0x0000000625400000, 0x0000000625800000|  0%| F|  |TAMS 0x0000000625400000| PB 0x0000000625400000| Untracked 
| 150|0x0000000625800000, 0x0000000625800000, 0x0000000625c00000|  0%| F|  |TAMS 0x0000000625800000| PB 0x0000000625800000| Untracked 
| 151|0x0000000625c00000, 0x0000000625c00000, 0x0000000626000000|  0%| F|  |TAMS 0x0000000625c00000| PB 0x0000000625c00000| Untracked 
| 152|0x0000000626000000, 0x0000000626000000, 0x0000000626400000|  0%| F|  |TAMS 0x0000000626000000| PB 0x0000000626000000| Untracked 
| 153|0x0000000626400000, 0x0000000626400000, 0x0000000626800000|  0%| F|  |TAMS 0x0000000626400000| PB 0x0000000626400000| Untracked 
| 154|0x0000000626800000, 0x0000000626800000, 0x0000000626c00000|  0%| F|  |TAMS 0x0000000626800000| PB 0x0000000626800000| Untracked 
| 155|0x0000000626c00000, 0x0000000626c00000, 0x0000000627000000|  0%| F|  |TAMS 0x0000000626c00000| PB 0x0000000626c00000| Untracked 
| 156|0x0000000627000000, 0x0000000627000000, 0x0000000627400000|  0%| F|  |TAMS 0x0000000627000000| PB 0x0000000627000000| Untracked 
| 157|0x0000000627400000, 0x0000000627400000, 0x0000000627800000|  0%| F|  |TAMS 0x0000000627400000| PB 0x0000000627400000| Untracked 
| 158|0x0000000627800000, 0x0000000627800000, 0x0000000627c00000|  0%| F|  |TAMS 0x0000000627800000| PB 0x0000000627800000| Untracked 
| 159|0x0000000627c00000, 0x0000000627c00000, 0x0000000628000000|  0%| F|  |TAMS 0x0000000627c00000| PB 0x0000000627c00000| Untracked 
| 160|0x0000000628000000, 0x0000000628000000, 0x0000000628400000|  0%| F|  |TAMS 0x0000000628000000| PB 0x0000000628000000| Untracked 
| 161|0x0000000628400000, 0x0000000628400000, 0x0000000628800000|  0%| F|  |TAMS 0x0000000628400000| PB 0x0000000628400000| Untracked 
| 162|0x0000000628800000, 0x0000000628800000, 0x0000000628c00000|  0%| F|  |TAMS 0x0000000628800000| PB 0x0000000628800000| Untracked 
| 163|0x0000000628c00000, 0x0000000628c00000, 0x0000000629000000|  0%| F|  |TAMS 0x0000000628c00000| PB 0x0000000628c00000| Untracked 
| 164|0x0000000629000000, 0x0000000629000000, 0x0000000629400000|  0%| F|  |TAMS 0x0000000629000000| PB 0x0000000629000000| Untracked 
| 165|0x0000000629400000, 0x0000000629400000, 0x0000000629800000|  0%| F|  |TAMS 0x0000000629400000| PB 0x0000000629400000| Untracked 
| 166|0x0000000629800000, 0x0000000629800000, 0x0000000629c00000|  0%| F|  |TAMS 0x0000000629800000| PB 0x0000000629800000| Untracked 
| 167|0x0000000629c00000, 0x0000000629c00000, 0x000000062a000000|  0%| F|  |TAMS 0x0000000629c00000| PB 0x0000000629c00000| Untracked 
| 168|0x000000062a000000, 0x000000062a000000, 0x000000062a400000|  0%| F|  |TAMS 0x000000062a000000| PB 0x000000062a000000| Untracked 
| 169|0x000000062a400000, 0x000000062a400000, 0x000000062a800000|  0%| F|  |TAMS 0x000000062a400000| PB 0x000000062a400000| Untracked 
| 170|0x000000062a800000, 0x000000062a800000, 0x000000062ac00000|  0%| F|  |TAMS 0x000000062a800000| PB 0x000000062a800000| Untracked 
| 171|0x000000062ac00000, 0x000000062ac00000, 0x000000062b000000|  0%| F|  |TAMS 0x000000062ac00000| PB 0x000000062ac00000| Untracked 
| 172|0x000000062b000000, 0x000000062b000000, 0x000000062b400000|  0%| F|  |TAMS 0x000000062b000000| PB 0x000000062b000000| Untracked 
| 173|0x000000062b400000, 0x000000062b400000, 0x000000062b800000|  0%| F|  |TAMS 0x000000062b400000| PB 0x000000062b400000| Untracked 
| 174|0x000000062b800000, 0x000000062b800000, 0x000000062bc00000|  0%| F|  |TAMS 0x000000062b800000| PB 0x000000062b800000| Untracked 
| 175|0x000000062bc00000, 0x000000062bc00000, 0x000000062c000000|  0%| F|  |TAMS 0x000000062bc00000| PB 0x000000062bc00000| Untracked 
| 176|0x000000062c000000, 0x000000062c000000, 0x000000062c400000|  0%| F|  |TAMS 0x000000062c000000| PB 0x000000062c000000| Untracked 
| 177|0x000000062c400000, 0x000000062c400000, 0x000000062c800000|  0%| F|  |TAMS 0x000000062c400000| PB 0x000000062c400000| Untracked 
| 178|0x000000062c800000, 0x000000062c800000, 0x000000062cc00000|  0%| F|  |TAMS 0x000000062c800000| PB 0x000000062c800000| Untracked 
| 179|0x000000062cc00000, 0x000000062cc00000, 0x000000062d000000|  0%| F|  |TAMS 0x000000062cc00000| PB 0x000000062cc00000| Untracked 
| 180|0x000000062d000000, 0x000000062d000000, 0x000000062d400000|  0%| F|  |TAMS 0x000000062d000000| PB 0x000000062d000000| Untracked 
| 181|0x000000062d400000, 0x000000062d400000, 0x000000062d800000|  0%| F|  |TAMS 0x000000062d400000| PB 0x000000062d400000| Untracked 
| 182|0x000000062d800000, 0x000000062d800000, 0x000000062dc00000|  0%| F|  |TAMS 0x000000062d800000| PB 0x000000062d800000| Untracked 
| 183|0x000000062dc00000, 0x000000062dc00000, 0x000000062e000000|  0%| F|  |TAMS 0x000000062dc00000| PB 0x000000062dc00000| Untracked 
| 184|0x000000062e000000, 0x000000062e000000, 0x000000062e400000|  0%| F|  |TAMS 0x000000062e000000| PB 0x000000062e000000| Untracked 
| 185|0x000000062e400000, 0x000000062e400000, 0x000000062e800000|  0%| F|  |TAMS 0x000000062e400000| PB 0x000000062e400000| Untracked 
| 186|0x000000062e800000, 0x000000062e800000, 0x000000062ec00000|  0%| F|  |TAMS 0x000000062e800000| PB 0x000000062e800000| Untracked 
| 187|0x000000062ec00000, 0x000000062ec00000, 0x000000062f000000|  0%| F|  |TAMS 0x000000062ec00000| PB 0x000000062ec00000| Untracked 
| 188|0x000000062f000000, 0x000000062f000000, 0x000000062f400000|  0%| F|  |TAMS 0x000000062f000000| PB 0x000000062f000000| Untracked 
| 189|0x000000062f400000, 0x000000062f400000, 0x000000062f800000|  0%| F|  |TAMS 0x000000062f400000| PB 0x000000062f400000| Untracked 
| 190|0x000000062f800000, 0x000000062f800000, 0x000000062fc00000|  0%| F|  |TAMS 0x000000062f800000| PB 0x000000062f800000| Untracked 
| 191|0x000000062fc00000, 0x000000062fc00000, 0x0000000630000000|  0%| F|  |TAMS 0x000000062fc00000| PB 0x000000062fc00000| Untracked 
| 192|0x0000000630000000, 0x0000000630000000, 0x0000000630400000|  0%| F|  |TAMS 0x0000000630000000| PB 0x0000000630000000| Untracked 
| 193|0x0000000630400000, 0x0000000630400000, 0x0000000630800000|  0%| F|  |TAMS 0x0000000630400000| PB 0x0000000630400000| Untracked 
| 194|0x0000000630800000, 0x0000000630800000, 0x0000000630c00000|  0%| F|  |TAMS 0x0000000630800000| PB 0x0000000630800000| Untracked 
| 195|0x0000000630c00000, 0x0000000630c00000, 0x0000000631000000|  0%| F|  |TAMS 0x0000000630c00000| PB 0x0000000630c00000| Untracked 
| 196|0x0000000631000000, 0x0000000631000000, 0x0000000631400000|  0%| F|  |TAMS 0x0000000631000000| PB 0x0000000631000000| Untracked 
| 197|0x0000000631400000, 0x0000000631400000, 0x0000000631800000|  0%| F|  |TAMS 0x0000000631400000| PB 0x0000000631400000| Untracked 
| 198|0x0000000631800000, 0x0000000631800000, 0x0000000631c00000|  0%| F|  |TAMS 0x0000000631800000| PB 0x0000000631800000| Untracked 
| 199|0x0000000631c00000, 0x0000000631c00000, 0x0000000632000000|  0%| F|  |TAMS 0x0000000631c00000| PB 0x0000000631c00000| Untracked 
| 200|0x0000000632000000, 0x0000000632000000, 0x0000000632400000|  0%| F|  |TAMS 0x0000000632000000| PB 0x0000000632000000| Untracked 
| 201|0x0000000632400000, 0x0000000632400000, 0x0000000632800000|  0%| F|  |TAMS 0x0000000632400000| PB 0x0000000632400000| Untracked 
| 202|0x0000000632800000, 0x0000000632800000, 0x0000000632c00000|  0%| F|  |TAMS 0x0000000632800000| PB 0x0000000632800000| Untracked 
| 203|0x0000000632c00000, 0x0000000632c00000, 0x0000000633000000|  0%| F|  |TAMS 0x0000000632c00000| PB 0x0000000632c00000| Untracked 
| 204|0x0000000633000000, 0x0000000633000000, 0x0000000633400000|  0%| F|  |TAMS 0x0000000633000000| PB 0x0000000633000000| Untracked 
| 205|0x0000000633400000, 0x0000000633400000, 0x0000000633800000|  0%| F|  |TAMS 0x0000000633400000| PB 0x0000000633400000| Untracked 
| 206|0x0000000633800000, 0x0000000633800000, 0x0000000633c00000|  0%| F|  |TAMS 0x0000000633800000| PB 0x0000000633800000| Untracked 
| 207|0x0000000633c00000, 0x0000000633c00000, 0x0000000634000000|  0%| F|  |TAMS 0x0000000633c00000| PB 0x0000000633c00000| Untracked 
| 208|0x0000000634000000, 0x0000000634000000, 0x0000000634400000|  0%| F|  |TAMS 0x0000000634000000| PB 0x0000000634000000| Untracked 
| 209|0x0000000634400000, 0x0000000634400000, 0x0000000634800000|  0%| F|  |TAMS 0x0000000634400000| PB 0x0000000634400000| Untracked 
| 210|0x0000000634800000, 0x0000000634800000, 0x0000000634c00000|  0%| F|  |TAMS 0x0000000634800000| PB 0x0000000634800000| Untracked 
| 211|0x0000000634c00000, 0x0000000634c00000, 0x0000000635000000|  0%| F|  |TAMS 0x0000000634c00000| PB 0x0000000634c00000| Untracked 
| 212|0x0000000635000000, 0x0000000635000000, 0x0000000635400000|  0%| F|  |TAMS 0x0000000635000000| PB 0x0000000635000000| Untracked 
| 213|0x0000000635400000, 0x0000000635400000, 0x0000000635800000|  0%| F|  |TAMS 0x0000000635400000| PB 0x0000000635400000| Untracked 
| 214|0x0000000635800000, 0x0000000635800000, 0x0000000635c00000|  0%| F|  |TAMS 0x0000000635800000| PB 0x0000000635800000| Untracked 
| 215|0x0000000635c00000, 0x0000000635c00000, 0x0000000636000000|  0%| F|  |TAMS 0x0000000635c00000| PB 0x0000000635c00000| Untracked 
| 216|0x0000000636000000, 0x0000000636000000, 0x0000000636400000|  0%| F|  |TAMS 0x0000000636000000| PB 0x0000000636000000| Untracked 
| 217|0x0000000636400000, 0x0000000636400000, 0x0000000636800000|  0%| F|  |TAMS 0x0000000636400000| PB 0x0000000636400000| Untracked 
| 218|0x0000000636800000, 0x0000000636800000, 0x0000000636c00000|  0%| F|  |TAMS 0x0000000636800000| PB 0x0000000636800000| Untracked 
| 219|0x0000000636c00000, 0x0000000636c00000, 0x0000000637000000|  0%| F|  |TAMS 0x0000000636c00000| PB 0x0000000636c00000| Untracked 
| 220|0x0000000637000000, 0x0000000637000000, 0x0000000637400000|  0%| F|  |TAMS 0x0000000637000000| PB 0x0000000637000000| Untracked 
| 221|0x0000000637400000, 0x0000000637400000, 0x0000000637800000|  0%| F|  |TAMS 0x0000000637400000| PB 0x0000000637400000| Untracked 
| 222|0x0000000637800000, 0x0000000637800000, 0x0000000637c00000|  0%| F|  |TAMS 0x0000000637800000| PB 0x0000000637800000| Untracked 
| 223|0x0000000637c00000, 0x0000000637c00000, 0x0000000638000000|  0%| F|  |TAMS 0x0000000637c00000| PB 0x0000000637c00000| Untracked 
| 224|0x0000000638000000, 0x0000000638000000, 0x0000000638400000|  0%| F|  |TAMS 0x0000000638000000| PB 0x0000000638000000| Untracked 
| 225|0x0000000638400000, 0x0000000638400000, 0x0000000638800000|  0%| F|  |TAMS 0x0000000638400000| PB 0x0000000638400000| Untracked 
| 226|0x0000000638800000, 0x0000000638800000, 0x0000000638c00000|  0%| F|  |TAMS 0x0000000638800000| PB 0x0000000638800000| Untracked 
| 227|0x0000000638c00000, 0x0000000638c00000, 0x0000000639000000|  0%| F|  |TAMS 0x0000000638c00000| PB 0x0000000638c00000| Untracked 
| 228|0x0000000639000000, 0x0000000639000000, 0x0000000639400000|  0%| F|  |TAMS 0x0000000639000000| PB 0x0000000639000000| Untracked 
| 229|0x0000000639400000, 0x0000000639400000, 0x0000000639800000|  0%| F|  |TAMS 0x0000000639400000| PB 0x0000000639400000| Untracked 
| 230|0x0000000639800000, 0x0000000639800000, 0x0000000639c00000|  0%| F|  |TAMS 0x0000000639800000| PB 0x0000000639800000| Untracked 
| 231|0x0000000639c00000, 0x0000000639c00000, 0x000000063a000000|  0%| F|  |TAMS 0x0000000639c00000| PB 0x0000000639c00000| Untracked 
| 232|0x000000063a000000, 0x000000063a000000, 0x000000063a400000|  0%| F|  |TAMS 0x000000063a000000| PB 0x000000063a000000| Untracked 
| 233|0x000000063a400000, 0x000000063a400000, 0x000000063a800000|  0%| F|  |TAMS 0x000000063a400000| PB 0x000000063a400000| Untracked 
| 234|0x000000063a800000, 0x000000063a800000, 0x000000063ac00000|  0%| F|  |TAMS 0x000000063a800000| PB 0x000000063a800000| Untracked 
| 235|0x000000063ac00000, 0x000000063ac00000, 0x000000063b000000|  0%| F|  |TAMS 0x000000063ac00000| PB 0x000000063ac00000| Untracked 
| 236|0x000000063b000000, 0x000000063b000000, 0x000000063b400000|  0%| F|  |TAMS 0x000000063b000000| PB 0x000000063b000000| Untracked 
| 237|0x000000063b400000, 0x000000063b400000, 0x000000063b800000|  0%| F|  |TAMS 0x000000063b400000| PB 0x000000063b400000| Untracked 
| 238|0x000000063b800000, 0x000000063b800000, 0x000000063bc00000|  0%| F|  |TAMS 0x000000063b800000| PB 0x000000063b800000| Untracked 
| 239|0x000000063bc00000, 0x000000063bc00000, 0x000000063c000000|  0%| F|  |TAMS 0x000000063bc00000| PB 0x000000063bc00000| Untracked 
| 240|0x000000063c000000, 0x000000063c000000, 0x000000063c400000|  0%| F|  |TAMS 0x000000063c000000| PB 0x000000063c000000| Untracked 
| 241|0x000000063c400000, 0x000000063c400000, 0x000000063c800000|  0%| F|  |TAMS 0x000000063c400000| PB 0x000000063c400000| Untracked 
| 242|0x000000063c800000, 0x000000063c800000, 0x000000063cc00000|  0%| F|  |TAMS 0x000000063c800000| PB 0x000000063c800000| Untracked 
| 243|0x000000063cc00000, 0x000000063cc00000, 0x000000063d000000|  0%| F|  |TAMS 0x000000063cc00000| PB 0x000000063cc00000| Untracked 
| 244|0x000000063d000000, 0x000000063d000000, 0x000000063d400000|  0%| F|  |TAMS 0x000000063d000000| PB 0x000000063d000000| Untracked 
| 245|0x000000063d400000, 0x000000063d400000, 0x000000063d800000|  0%| F|  |TAMS 0x000000063d400000| PB 0x000000063d400000| Untracked 
| 246|0x000000063d800000, 0x000000063d800000, 0x000000063dc00000|  0%| F|  |TAMS 0x000000063d800000| PB 0x000000063d800000| Untracked 
| 247|0x000000063dc00000, 0x000000063dc00000, 0x000000063e000000|  0%| F|  |TAMS 0x000000063dc00000| PB 0x000000063dc00000| Untracked 
| 248|0x000000063e000000, 0x000000063e000000, 0x000000063e400000|  0%| F|  |TAMS 0x000000063e000000| PB 0x000000063e000000| Untracked 
| 249|0x000000063e400000, 0x000000063e400000, 0x000000063e800000|  0%| F|  |TAMS 0x000000063e400000| PB 0x000000063e400000| Untracked 
| 250|0x000000063e800000, 0x000000063e800000, 0x000000063ec00000|  0%| F|  |TAMS 0x000000063e800000| PB 0x000000063e800000| Untracked 
| 251|0x000000063ec00000, 0x000000063ec00000, 0x000000063f000000|  0%| F|  |TAMS 0x000000063ec00000| PB 0x000000063ec00000| Untracked 
| 252|0x000000063f000000, 0x000000063f000000, 0x000000063f400000|  0%| F|  |TAMS 0x000000063f000000| PB 0x000000063f000000| Untracked 
| 253|0x000000063f400000, 0x000000063f400000, 0x000000063f800000|  0%| F|  |TAMS 0x000000063f400000| PB 0x000000063f400000| Untracked 
| 254|0x000000063f800000, 0x000000063f800000, 0x000000063fc00000|  0%| F|  |TAMS 0x000000063f800000| PB 0x000000063f800000| Untracked 
| 255|0x000000063fc00000, 0x000000063fc00000, 0x0000000640000000|  0%| F|  |TAMS 0x000000063fc00000| PB 0x000000063fc00000| Untracked 
| 256|0x0000000640000000, 0x0000000640000000, 0x0000000640400000|  0%| F|  |TAMS 0x0000000640000000| PB 0x0000000640000000| Untracked 
| 257|0x0000000640400000, 0x0000000640400000, 0x0000000640800000|  0%| F|  |TAMS 0x0000000640400000| PB 0x0000000640400000| Untracked 
| 258|0x0000000640800000, 0x0000000640800000, 0x0000000640c00000|  0%| F|  |TAMS 0x0000000640800000| PB 0x0000000640800000| Untracked 
| 259|0x0000000640c00000, 0x0000000640c00000, 0x0000000641000000|  0%| F|  |TAMS 0x0000000640c00000| PB 0x0000000640c00000| Untracked 
| 260|0x0000000641000000, 0x0000000641000000, 0x0000000641400000|  0%| F|  |TAMS 0x0000000641000000| PB 0x0000000641000000| Untracked 
| 261|0x0000000641400000, 0x0000000641400000, 0x0000000641800000|  0%| F|  |TAMS 0x0000000641400000| PB 0x0000000641400000| Untracked 
| 262|0x0000000641800000, 0x0000000641800000, 0x0000000641c00000|  0%| F|  |TAMS 0x0000000641800000| PB 0x0000000641800000| Untracked 
| 263|0x0000000641c00000, 0x0000000641c00000, 0x0000000642000000|  0%| F|  |TAMS 0x0000000641c00000| PB 0x0000000641c00000| Untracked 
| 264|0x0000000642000000, 0x0000000642000000, 0x0000000642400000|  0%| F|  |TAMS 0x0000000642000000| PB 0x0000000642000000| Untracked 
| 265|0x0000000642400000, 0x0000000642400000, 0x0000000642800000|  0%| F|  |TAMS 0x0000000642400000| PB 0x0000000642400000| Untracked 
| 266|0x0000000642800000, 0x0000000642800000, 0x0000000642c00000|  0%| F|  |TAMS 0x0000000642800000| PB 0x0000000642800000| Untracked 
| 267|0x0000000642c00000, 0x0000000642c00000, 0x0000000643000000|  0%| F|  |TAMS 0x0000000642c00000| PB 0x0000000642c00000| Untracked 
| 268|0x0000000643000000, 0x0000000643000000, 0x0000000643400000|  0%| F|  |TAMS 0x0000000643000000| PB 0x0000000643000000| Untracked 
| 269|0x0000000643400000, 0x0000000643400000, 0x0000000643800000|  0%| F|  |TAMS 0x0000000643400000| PB 0x0000000643400000| Untracked 
| 270|0x0000000643800000, 0x0000000643800000, 0x0000000643c00000|  0%| F|  |TAMS 0x0000000643800000| PB 0x0000000643800000| Untracked 
| 271|0x0000000643c00000, 0x0000000643c00000, 0x0000000644000000|  0%| F|  |TAMS 0x0000000643c00000| PB 0x0000000643c00000| Untracked 
| 272|0x0000000644000000, 0x0000000644000000, 0x0000000644400000|  0%| F|  |TAMS 0x0000000644000000| PB 0x0000000644000000| Untracked 
| 273|0x0000000644400000, 0x0000000644400000, 0x0000000644800000|  0%| F|  |TAMS 0x0000000644400000| PB 0x0000000644400000| Untracked 
| 274|0x0000000644800000, 0x0000000644800000, 0x0000000644c00000|  0%| F|  |TAMS 0x0000000644800000| PB 0x0000000644800000| Untracked 
| 275|0x0000000644c00000, 0x0000000644c00000, 0x0000000645000000|  0%| F|  |TAMS 0x0000000644c00000| PB 0x0000000644c00000| Untracked 
| 276|0x0000000645000000, 0x0000000645000000, 0x0000000645400000|  0%| F|  |TAMS 0x0000000645000000| PB 0x0000000645000000| Untracked 
| 277|0x0000000645400000, 0x0000000645400000, 0x0000000645800000|  0%| F|  |TAMS 0x0000000645400000| PB 0x0000000645400000| Untracked 
| 278|0x0000000645800000, 0x0000000645800000, 0x0000000645c00000|  0%| F|  |TAMS 0x0000000645800000| PB 0x0000000645800000| Untracked 
| 279|0x0000000645c00000, 0x0000000645c00000, 0x0000000646000000|  0%| F|  |TAMS 0x0000000645c00000| PB 0x0000000645c00000| Untracked 
| 280|0x0000000646000000, 0x0000000646000000, 0x0000000646400000|  0%| F|  |TAMS 0x0000000646000000| PB 0x0000000646000000| Untracked 
| 281|0x0000000646400000, 0x0000000646400000, 0x0000000646800000|  0%| F|  |TAMS 0x0000000646400000| PB 0x0000000646400000| Untracked 
| 282|0x0000000646800000, 0x0000000646800000, 0x0000000646c00000|  0%| F|  |TAMS 0x0000000646800000| PB 0x0000000646800000| Untracked 
| 283|0x0000000646c00000, 0x0000000646c00000, 0x0000000647000000|  0%| F|  |TAMS 0x0000000646c00000| PB 0x0000000646c00000| Untracked 
| 284|0x0000000647000000, 0x0000000647000000, 0x0000000647400000|  0%| F|  |TAMS 0x0000000647000000| PB 0x0000000647000000| Untracked 
| 285|0x0000000647400000, 0x0000000647400000, 0x0000000647800000|  0%| F|  |TAMS 0x0000000647400000| PB 0x0000000647400000| Untracked 
| 286|0x0000000647800000, 0x0000000647800000, 0x0000000647c00000|  0%| F|  |TAMS 0x0000000647800000| PB 0x0000000647800000| Untracked 
| 287|0x0000000647c00000, 0x0000000647c00000, 0x0000000648000000|  0%| F|  |TAMS 0x0000000647c00000| PB 0x0000000647c00000| Untracked 
| 288|0x0000000648000000, 0x0000000648000000, 0x0000000648400000|  0%| F|  |TAMS 0x0000000648000000| PB 0x0000000648000000| Untracked 
| 289|0x0000000648400000, 0x0000000648400000, 0x0000000648800000|  0%| F|  |TAMS 0x0000000648400000| PB 0x0000000648400000| Untracked 
| 290|0x0000000648800000, 0x0000000648800000, 0x0000000648c00000|  0%| F|  |TAMS 0x0000000648800000| PB 0x0000000648800000| Untracked 
| 291|0x0000000648c00000, 0x0000000648c00000, 0x0000000649000000|  0%| F|  |TAMS 0x0000000648c00000| PB 0x0000000648c00000| Untracked 
| 292|0x0000000649000000, 0x0000000649000000, 0x0000000649400000|  0%| F|  |TAMS 0x0000000649000000| PB 0x0000000649000000| Untracked 
| 293|0x0000000649400000, 0x0000000649400000, 0x0000000649800000|  0%| F|  |TAMS 0x0000000649400000| PB 0x0000000649400000| Untracked 
| 294|0x0000000649800000, 0x0000000649800000, 0x0000000649c00000|  0%| F|  |TAMS 0x0000000649800000| PB 0x0000000649800000| Untracked 
| 295|0x0000000649c00000, 0x0000000649fd1c30, 0x000000064a000000| 95%| S|CS|TAMS 0x0000000649c00000| PB 0x0000000649c00000| Complete 
| 296|0x000000064a000000, 0x000000064a000000, 0x000000064a400000|  0%| F|  |TAMS 0x000000064a000000| PB 0x000000064a000000| Untracked 
| 297|0x000000064a400000, 0x000000064a400000, 0x000000064a800000|  0%| F|  |TAMS 0x000000064a400000| PB 0x000000064a400000| Untracked 
| 298|0x000000064a800000, 0x000000064a800000, 0x000000064ac00000|  0%| F|  |TAMS 0x000000064a800000| PB 0x000000064a800000| Untracked 
| 299|0x000000064ac00000, 0x000000064ac00000, 0x000000064b000000|  0%| F|  |TAMS 0x000000064ac00000| PB 0x000000064ac00000| Untracked 
| 300|0x000000064b000000, 0x000000064b000000, 0x000000064b400000|  0%| F|  |TAMS 0x000000064b000000| PB 0x000000064b000000| Untracked 
| 301|0x000000064b400000, 0x000000064b400000, 0x000000064b800000|  0%| F|  |TAMS 0x000000064b400000| PB 0x000000064b400000| Untracked 
| 302|0x000000064b800000, 0x000000064b800000, 0x000000064bc00000|  0%| F|  |TAMS 0x000000064b800000| PB 0x000000064b800000| Untracked 
| 303|0x000000064bc00000, 0x000000064bc00000, 0x000000064c000000|  0%| F|  |TAMS 0x000000064bc00000| PB 0x000000064bc00000| Untracked 
| 304|0x000000064c000000, 0x000000064c000000, 0x000000064c400000|  0%| F|  |TAMS 0x000000064c000000| PB 0x000000064c000000| Untracked 
| 305|0x000000064c400000, 0x000000064c400000, 0x000000064c800000|  0%| F|  |TAMS 0x000000064c400000| PB 0x000000064c400000| Untracked 
| 306|0x000000064c800000, 0x000000064c800000, 0x000000064cc00000|  0%| F|  |TAMS 0x000000064c800000| PB 0x000000064c800000| Untracked 
| 307|0x000000064cc00000, 0x000000064cc00000, 0x000000064d000000|  0%| F|  |TAMS 0x000000064cc00000| PB 0x000000064cc00000| Untracked 
| 308|0x000000064d000000, 0x000000064d000000, 0x000000064d400000|  0%| F|  |TAMS 0x000000064d000000| PB 0x000000064d000000| Untracked 
| 309|0x000000064d400000, 0x000000064d400000, 0x000000064d800000|  0%| F|  |TAMS 0x000000064d400000| PB 0x000000064d400000| Untracked 
| 310|0x000000064d800000, 0x000000064d800000, 0x000000064dc00000|  0%| F|  |TAMS 0x000000064d800000| PB 0x000000064d800000| Untracked 
| 311|0x000000064dc00000, 0x000000064dc00000, 0x000000064e000000|  0%| F|  |TAMS 0x000000064dc00000| PB 0x000000064dc00000| Untracked 
|2045|0x00000007ff400000, 0x00000007ff800000, 0x00000007ff800000|100%| O|  |TAMS 0x00000007ff400000| PB 0x00000007ff400000| Untracked 
|2046|0x00000007ff800000, 0x00000007ffc00000, 0x00000007ffc00000|100%| O|  |TAMS 0x00000007ff800000| PB 0x00000007ff800000| Untracked 
|2047|0x00000007ffc00000, 0x0000000800000000, 0x0000000800000000|100%| O|  |TAMS 0x00000007ffc00000| PB 0x00000007ffc00000| Untracked 

Card table byte_map: [0x0000014f74d60000,0x0000014f75d60000] _byte_map_base: 0x0000014f71d60000

Marking Bits: (CMBitMap*) 0x0000014f70b00380
 Bits: [0x0000014f75d60000, 0x0000014f7dd60000)

Polling page: 0x0000014f70210000

Metaspace:

Usage:
  Non-class:     90.43 MB used.
      Class:     15.01 MB used.
       Both:    105.44 MB used.

Virtual space:
  Non-class space:      128.00 MB reserved,      91.62 MB ( 72%) committed,  2 nodes.
      Class space:        1.00 GB reserved,      16.19 MB (  2%) committed,  1 nodes.
             Both:        1.12 GB reserved,     107.81 MB (  9%) committed. 

Chunk freelists:
   Non-Class:  4.38 MB
       Class:  15.83 MB
        Both:  20.21 MB

MaxMetaspaceSize: 4.00 GB
CompressedClassSpaceSize: 1.00 GB
Initial GC threshold: 21.00 MB
Current GC threshold: 177.19 MB
CDS: on
 - commit_granule_bytes: 65536.
 - commit_granule_words: 8192.
 - virtual_space_node_default_size: 8388608.
 - enlarge_chunks_in_place: 1.
 - use_allocation_guard: 0.


Internal statistics:

num_allocs_failed_limit: 6.
num_arena_births: 4474.
num_arena_deaths: 0.
num_vsnodes_births: 3.
num_vsnodes_deaths: 0.
num_space_committed: 1725.
num_space_uncommitted: 0.
num_chunks_returned_to_freelist: 6.
num_chunks_taken_from_freelist: 9635.
num_chunk_merges: 3.
num_chunk_splits: 6307.
num_chunks_enlarged: 3957.
num_inconsistent_stats: 0.

CodeHeap 'non-profiled nmethods': size=259264Kb used=11299Kb max_used=11299Kb free=247964Kb
 bounds [0x0000014f102d0000, 0x0000014f10de0000, 0x0000014f20000000]
CodeHeap 'profiled nmethods': size=259264Kb used=27825Kb max_used=27825Kb free=231438Kb
 bounds [0x0000014f00000000, 0x0000014f01b30000, 0x0000014f0fd30000]
CodeHeap 'non-nmethods': size=5760Kb used=2274Kb max_used=2339Kb free=3485Kb
 bounds [0x0000014f0fd30000, 0x0000014f0ffa0000, 0x0000014f102d0000]
CodeCache: size=524288Kb, used=41398Kb, max_used=41463Kb, free=482887Kb
 total_blobs=14562, nmethods=13656, adapters=809, full_count=0
Compilation: enabled, stopped_count=0, restarted_count=0

Compilation events (20 events):
Event: 509.580 Thread 0x0000014f7df0e710 15801       3       org.gradle.api.internal.tasks.properties.DefaultInputFilePropertySpec::<init> (32 bytes)
Event: 509.738 Thread 0x0000014f7df0e710 nmethod 15801 0x0000014f01b2a890 code [0x0000014f01b2aa60, 0x0000014f01b2af60]
Event: 509.738 Thread 0x0000014f7df0e710 15803       3       com.google.common.collect.ImmutableSortedMap::createEntrySet (22 bytes)
Event: 509.750 Thread 0x0000014f7df0e710 nmethod 15803 0x0000014f01b2b090 code [0x0000014f01b2b2a0, 0x0000014f01b2ba18]
Event: 509.989 Thread 0x0000014f7df0dc70 nmethod 15794 0x0000014f10dd1810 code [0x0000014f10dd1cc0, 0x0000014f10dd4628]
Event: 509.990 Thread 0x0000014f7df0dc70 15796       4       java.util.AbstractCollection::toArray (144 bytes)
Event: 510.167 Thread 0x0000014f7df0dc70 nmethod 15796 0x0000014f10dd6890 code [0x0000014f10dd6a60, 0x0000014f10dd6f68]
Event: 510.167 Thread 0x0000014f7df0dc70 15806       4       org.gradle.internal.classpath.generated.InterceptorDeclaration_ConfigCacheJvmBytecode::<init> (7 bytes)
Event: 510.175 Thread 0x0000014f7df0dc70 nmethod 15806 0x0000014f10dd7290 code [0x0000014f10dd7420, 0x0000014f10dd7690]
Event: 510.182 Thread 0x0000014f7df0dc70 15807       4       org.gradle.internal.classpath.generated.InterceptorDeclaration_PropertyUpgradesJvmBytecode_CoreApi::<init> (7 bytes)
Event: 510.186 Thread 0x0000014f7df0dc70 nmethod 15807 0x0000014f10dd7710 code [0x0000014f10dd78a0, 0x0000014f10dd7b10]
Event: 510.206 Thread 0x0000014f7df0dc70 15808       4       org.objectweb.asm.SymbolTable::hash (14 bytes)
Event: 510.206 Thread 0x0000014f7df0dc70 nmethod 15808 0x0000014f10dd7b90 code [0x0000014f10dd7d00, 0x0000014f10dd7d80]
Event: 510.226 Thread 0x0000014f7df0dc70 15809       4       org.objectweb.asm.MethodWriter::visitParameter (57 bytes)
Event: 510.238 Thread 0x0000014f7df0dc70 nmethod 15809 0x0000014f10dd7e90 code [0x0000014f10dd8080, 0x0000014f10dd8758]
Event: 510.396 Thread 0x0000014f7df0dc70 15810       4       org.gradle.internal.classpath.generated.InterceptorDeclaration_PropertyUpgradesJvmBytecode_TestingJvm::<init> (7 bytes)
Event: 510.399 Thread 0x0000014f7df0dc70 nmethod 15810 0x0000014f10dd8b10 code [0x0000014f10dd8ca0, 0x0000014f10dd8f10]
Event: 510.781 Thread 0x0000014f7df0e710 15811       3       org.objectweb.asm.MethodWriter::visitLookupSwitchInsn (114 bytes)
Event: 510.786 Thread 0x0000014f7df0e710 nmethod 15811 0x0000014f01b2bc90 code [0x0000014f01b2bec0, 0x0000014f01b2c3b8]
Event: 510.850 Thread 0x0000014f7df0dc70 15812  s    4       java.net.DatagramPacket::setData (42 bytes)

GC Heap History (20 events):
Event: 393.358 GC heap after
{Heap after GC invocations=78 (full 0):
 garbage-first heap   total 1073152K, used 131766K [0x0000000600000000, 0x0000000800000000)
  region size 4096K, 1 young (4096K), 1 survivors (4096K)
 Metaspace       used 107736K, committed 110144K, reserved 1179648K
  class space    used 15353K, committed 16576K, reserved 1048576K
}
Event: 402.896 GC heap before
{Heap before GC invocations=78 (full 0):
 garbage-first heap   total 1073152K, used 246454K [0x0000000600000000, 0x0000000800000000)
  region size 4096K, 29 young (118784K), 1 survivors (4096K)
 Metaspace       used 107743K, committed 110144K, reserved 1179648K
  class space    used 15354K, committed 16576K, reserved 1048576K
}
Event: 403.432 GC heap after
{Heap after GC invocations=79 (full 0):
 garbage-first heap   total 1073152K, used 132794K [0x0000000600000000, 0x0000000800000000)
  region size 4096K, 2 young (8192K), 2 survivors (8192K)
 Metaspace       used 107743K, committed 110144K, reserved 1179648K
  class space    used 15354K, committed 16576K, reserved 1048576K
}
Event: 407.068 GC heap before
{Heap before GC invocations=79 (full 0):
 garbage-first heap   total 1073152K, used 177850K [0x0000000600000000, 0x0000000800000000)
  region size 4096K, 13 young (53248K), 2 survivors (8192K)
 Metaspace       used 107753K, committed 110208K, reserved 1179648K
  class space    used 15354K, committed 16576K, reserved 1048576K
}
Event: 407.083 GC heap after
{Heap after GC invocations=80 (full 0):
 garbage-first heap   total 1073152K, used 133041K [0x0000000600000000, 0x0000000800000000)
  region size 4096K, 2 young (8192K), 2 survivors (8192K)
 Metaspace       used 107753K, committed 110208K, reserved 1179648K
  class space    used 15354K, committed 16576K, reserved 1048576K
}
Event: 415.102 GC heap before
{Heap before GC invocations=80 (full 0):
 garbage-first heap   total 1073152K, used 202673K [0x0000000600000000, 0x0000000800000000)
  region size 4096K, 19 young (77824K), 2 survivors (8192K)
 Metaspace       used 107756K, committed 110208K, reserved 1179648K
  class space    used 15354K, committed 16576K, reserved 1048576K
}
Event: 415.229 GC heap after
{Heap after GC invocations=81 (full 0):
 garbage-first heap   total 1073152K, used 134038K [0x0000000600000000, 0x0000000800000000)
  region size 4096K, 2 young (8192K), 2 survivors (8192K)
 Metaspace       used 107756K, committed 110208K, reserved 1179648K
  class space    used 15354K, committed 16576K, reserved 1048576K
}
Event: 466.534 GC heap before
{Heap before GC invocations=81 (full 0):
 garbage-first heap   total 1073152K, used 383894K [0x0000000600000000, 0x0000000800000000)
  region size 4096K, 64 young (262144K), 2 survivors (8192K)
 Metaspace       used 107861K, committed 110336K, reserved 1179648K
  class space    used 15363K, committed 16576K, reserved 1048576K
}
Event: 467.868 GC heap after
{Heap after GC invocations=82 (full 0):
 garbage-first heap   total 1073152K, used 145393K [0x0000000600000000, 0x0000000800000000)
  region size 4096K, 5 young (20480K), 5 survivors (20480K)
 Metaspace       used 107861K, committed 110336K, reserved 1179648K
  class space    used 15363K, committed 16576K, reserved 1048576K
}
Event: 474.090 GC heap before
{Heap before GC invocations=82 (full 0):
 garbage-first heap   total 1073152K, used 178161K [0x0000000600000000, 0x0000000800000000)
  region size 4096K, 13 young (53248K), 5 survivors (20480K)
 Metaspace       used 107862K, committed 110336K, reserved 1179648K
  class space    used 15363K, committed 16576K, reserved 1048576K
}
Event: 476.810 GC heap after
{Heap after GC invocations=83 (full 0):
 garbage-first heap   total 1290240K, used 146901K [0x0000000600000000, 0x0000000800000000)
  region size 4096K, 1 young (4096K), 1 survivors (4096K)
 Metaspace       used 107862K, committed 110336K, reserved 1179648K
  class space    used 15363K, committed 16576K, reserved 1048576K
}
Event: 480.509 GC heap before
{Heap before GC invocations=83 (full 0):
 garbage-first heap   total 1290240K, used 204245K [0x0000000600000000, 0x0000000800000000)
  region size 4096K, 15 young (61440K), 1 survivors (4096K)
 Metaspace       used 107862K, committed 110336K, reserved 1179648K
  class space    used 15363K, committed 16576K, reserved 1048576K
}
Event: 480.645 GC heap after
{Heap after GC invocations=84 (full 0):
 garbage-first heap   total 1290240K, used 145842K [0x0000000600000000, 0x0000000800000000)
  region size 4096K, 1 young (4096K), 1 survivors (4096K)
 Metaspace       used 107862K, committed 110336K, reserved 1179648K
  class space    used 15363K, committed 16576K, reserved 1048576K
}
Event: 499.646 GC heap before
{Heap before GC invocations=84 (full 0):
 garbage-first heap   total 1290240K, used 199090K [0x0000000600000000, 0x0000000800000000)
  region size 4096K, 16 young (65536K), 1 survivors (4096K)
 Metaspace       used 107952K, committed 110400K, reserved 1179648K
  class space    used 15366K, committed 16576K, reserved 1048576K
}
Event: 500.126 GC heap after
{Heap after GC invocations=85 (full 0):
 garbage-first heap   total 1290240K, used 145452K [0x0000000600000000, 0x0000000800000000)
  region size 4096K, 1 young (4096K), 1 survivors (4096K)
 Metaspace       used 107952K, committed 110400K, reserved 1179648K
  class space    used 15366K, committed 16576K, reserved 1048576K
}
Event: 508.186 GC heap before
{Heap before GC invocations=85 (full 0):
 garbage-first heap   total 1290240K, used 202796K [0x0000000600000000, 0x0000000800000000)
  region size 4096K, 15 young (61440K), 1 survivors (4096K)
 Metaspace       used 107963K, committed 110400K, reserved 1179648K
  class space    used 15366K, committed 16576K, reserved 1048576K
}
Event: 508.212 GC heap after
{Heap after GC invocations=86 (full 0):
 garbage-first heap   total 1290240K, used 146320K [0x0000000600000000, 0x0000000800000000)
  region size 4096K, 1 young (4096K), 1 survivors (4096K)
 Metaspace       used 107963K, committed 110400K, reserved 1179648K
  class space    used 15366K, committed 16576K, reserved 1048576K
}
Event: 510.544 GC heap before
{Heap before GC invocations=86 (full 0):
 garbage-first heap   total 1290240K, used 203664K [0x0000000600000000, 0x0000000800000000)
  region size 4096K, 15 young (61440K), 1 survivors (4096K)
 Metaspace       used 107969K, committed 110400K, reserved 1179648K
  class space    used 15367K, committed 16576K, reserved 1048576K
}
Event: 510.751 GC heap after
{Heap after GC invocations=87 (full 0):
 garbage-first heap   total 1290240K, used 147800K [0x0000000600000000, 0x0000000800000000)
  region size 4096K, 1 young (4096K), 1 survivors (4096K)
 Metaspace       used 107969K, committed 110400K, reserved 1179648K
  class space    used 15367K, committed 16576K, reserved 1048576K
}
Event: 510.852 GC heap before
{Heap before GC invocations=87 (full 0):
 garbage-first heap   total 1290240K, used 201048K [0x0000000600000000, 0x0000000800000000)
  region size 4096K, 16 young (65536K), 1 survivors (4096K)
 Metaspace       used 107970K, committed 110400K, reserved 1179648K
  class space    used 15367K, committed 16576K, reserved 1048576K
}

Dll operation events (14 events):
Event: 0.294 Loaded shared library C:\Users\kimch\.vscode\extensions\redhat.java-1.55.0-win32-x64\jre\21.0.11-win32-x86_64\bin\java.dll
Event: 0.996 Loaded shared library C:\Users\kimch\.vscode\extensions\redhat.java-1.55.0-win32-x64\jre\21.0.11-win32-x86_64\bin\zip.dll
Event: 1.193 Loaded shared library C:\Users\kimch\.vscode\extensions\redhat.java-1.55.0-win32-x64\jre\21.0.11-win32-x86_64\bin\instrument.dll
Event: 1.284 Loaded shared library C:\Users\kimch\.vscode\extensions\redhat.java-1.55.0-win32-x64\jre\21.0.11-win32-x86_64\bin\net.dll
Event: 1.315 Loaded shared library C:\Users\kimch\.vscode\extensions\redhat.java-1.55.0-win32-x64\jre\21.0.11-win32-x86_64\bin\nio.dll
Event: 1.320 Loaded shared library C:\Users\kimch\.vscode\extensions\redhat.java-1.55.0-win32-x64\jre\21.0.11-win32-x86_64\bin\zip.dll
Event: 4.617 Loaded shared library C:\Users\kimch\.vscode\extensions\redhat.java-1.55.0-win32-x64\jre\21.0.11-win32-x86_64\bin\jimage.dll
Event: 5.970 Loaded shared library C:\Users\kimch\.vscode\extensions\redhat.java-1.55.0-win32-x64\jre\21.0.11-win32-x86_64\bin\verify.dll
Event: 6.319 Loaded shared library C:\Users\kimch\.gradle\native\1def1411415f61bf3af743bc5b6707747c0891f09f0c88961ee8f79bc544acac\windows-amd64\native-platform.dll
Event: 6.506 Loaded shared library C:\Users\kimch\.gradle\native\0.2.8\x86_64-windows-gnu\gradle-fileevents.dll
Event: 12.495 Loaded shared library C:\Users\kimch\.vscode\extensions\redhat.java-1.55.0-win32-x64\jre\21.0.11-win32-x86_64\bin\management.dll
Event: 12.597 Loaded shared library C:\Users\kimch\.vscode\extensions\redhat.java-1.55.0-win32-x64\jre\21.0.11-win32-x86_64\bin\management_ext.dll
Event: 13.218 Loaded shared library C:\Users\kimch\.vscode\extensions\redhat.java-1.55.0-win32-x64\jre\21.0.11-win32-x86_64\bin\extnet.dll
Event: 14.721 Loaded shared library C:\Users\kimch\.vscode\extensions\redhat.java-1.55.0-win32-x64\jre\21.0.11-win32-x86_64\bin\sunmscapi.dll

Deoptimization events (20 events):
Event: 501.560 Thread 0x0000014f6b73dcd0 DEOPT PACKING pc=0x0000014f10a3c9c0 sp=0x0000000f9defb150
Event: 501.560 Thread 0x0000014f6b73dcd0 DEOPT UNPACKING pc=0x0000014f0fd87ba2 sp=0x0000000f9defb0e0 mode 2
Event: 501.561 Thread 0x0000014f6b73dcd0 Uncommon trap: trap_request=0xffffffc6 fr.pc=0x0000014f10a3c9c0 relative=0x0000000000000be0
Event: 501.561 Thread 0x0000014f6b73dcd0 Uncommon trap: reason=bimorphic_or_optimized_type_check action=maybe_recompile pc=0x0000014f10a3c9c0 method=com.google.common.collect.AbstractIterator.tryToComputeNext()Z @ 9 c2
Event: 501.561 Thread 0x0000014f6b73dcd0 DEOPT PACKING pc=0x0000014f10a3c9c0 sp=0x0000000f9defb150
Event: 501.561 Thread 0x0000014f6b73dcd0 DEOPT UNPACKING pc=0x0000014f0fd87ba2 sp=0x0000000f9defb0e0 mode 2
Event: 501.561 Thread 0x0000014f6b73dcd0 Uncommon trap: trap_request=0xffffffc6 fr.pc=0x0000014f10a3c9c0 relative=0x0000000000000be0
Event: 501.561 Thread 0x0000014f6b73dcd0 Uncommon trap: reason=bimorphic_or_optimized_type_check action=maybe_recompile pc=0x0000014f10a3c9c0 method=com.google.common.collect.AbstractIterator.tryToComputeNext()Z @ 9 c2
Event: 501.561 Thread 0x0000014f6b73dcd0 DEOPT PACKING pc=0x0000014f10a3c9c0 sp=0x0000000f9defb150
Event: 501.561 Thread 0x0000014f6b73dcd0 DEOPT UNPACKING pc=0x0000014f0fd87ba2 sp=0x0000000f9defb0e0 mode 2
Event: 501.561 Thread 0x0000014f6b73dcd0 Uncommon trap: trap_request=0xffffffc6 fr.pc=0x0000014f10a3c9c0 relative=0x0000000000000be0
Event: 501.561 Thread 0x0000014f6b73dcd0 Uncommon trap: reason=bimorphic_or_optimized_type_check action=maybe_recompile pc=0x0000014f10a3c9c0 method=com.google.common.collect.AbstractIterator.tryToComputeNext()Z @ 9 c2
Event: 501.561 Thread 0x0000014f6b73dcd0 DEOPT PACKING pc=0x0000014f10a3c9c0 sp=0x0000000f9defb150
Event: 501.561 Thread 0x0000014f6b73dcd0 DEOPT UNPACKING pc=0x0000014f0fd87ba2 sp=0x0000000f9defb0e0 mode 2
Event: 505.044 Thread 0x0000014f66a1f530 DEOPT PACKING pc=0x0000014f01ab662a sp=0x0000000f99ff4580
Event: 505.044 Thread 0x0000014f66a1f530 DEOPT UNPACKING pc=0x0000014f0fd886e2 sp=0x0000000f99ff3bd0 mode 0
Event: 510.180 Thread 0x0000014f66a1f530 Uncommon trap: trap_request=0xffffff76 fr.pc=0x0000014f10a37e80 relative=0x0000000000000140
Event: 510.180 Thread 0x0000014f66a1f530 Uncommon trap: reason=predicate action=maybe_recompile pc=0x0000014f10a37e80 method=com.google.common.io.ByteStreams.read(Ljava/io/InputStream;[BII)I @ 54 c2
Event: 510.180 Thread 0x0000014f66a1f530 DEOPT PACKING pc=0x0000014f10a37e80 sp=0x0000000f99ff4590
Event: 510.184 Thread 0x0000014f66a1f530 DEOPT UNPACKING pc=0x0000014f0fd87ba2 sp=0x0000000f99ff4498 mode 2

Classes loaded (20 events):
Event: 190.997 Loading class java/util/Collections$ReverseComparator
Event: 191.085 Loading class java/util/Collections$ReverseComparator done
Event: 191.100 Loading class java/util/Collections$ReverseComparator2
Event: 191.108 Loading class java/util/Collections$ReverseComparator2 done
Event: 259.142 Loading class java/util/zip/ZipFile$ZipEntryIterator
Event: 259.174 Loading class java/util/zip/ZipFile$ZipEntryIterator done
Event: 259.391 Loading class java/util/zip/ZipInputStream
Event: 259.432 Loading class java/util/zip/ZipInputStream done
Event: 264.543 Loading class sun/nio/ch/ChannelOutputStream
Event: 265.237 Loading class sun/nio/ch/ChannelOutputStream done
Event: 356.892 Loading class java/util/Collections$UnmodifiableSortedMap
Event: 356.921 Loading class java/util/Collections$UnmodifiableSortedMap done
Event: 356.964 Loading class java/util/zip/Deflater
Event: 356.985 Loading class java/util/zip/Deflater done
Event: 357.011 Loading class java/util/zip/Deflater$DeflaterZStreamRef
Event: 357.019 Loading class java/util/zip/Deflater$DeflaterZStreamRef done
Event: 374.198 Loading class java/nio/StringCharBuffer
Event: 374.339 Loading class java/nio/StringCharBuffer done
Event: 455.830 Loading class java/util/TreeMap$EntrySpliterator
Event: 455.858 Loading class java/util/TreeMap$EntrySpliterator done

Classes unloaded (0 events):
No events

Classes redefined (0 events):
No events

Internal exceptions (20 events):
Event: 462.675 Thread 0x0000014f6b740ac0 Exception <a 'sun/nio/fs/WindowsException'{0x000000063afcef78}> (0x000000063afcef78) 
thrown [s\src\hotspot\share\prims\jni.cpp, line 520]
Event: 463.453 Thread 0x0000014f6b73d640 Exception <a 'sun/nio/fs/WindowsException'{0x0000000638003750}> (0x0000000638003750) 
thrown [s\src\hotspot\share\prims\jni.cpp, line 520]
Event: 463.942 Thread 0x0000014f6b73d640 Exception <a 'sun/nio/fs/WindowsException'{0x0000000636fb4bf0}> (0x0000000636fb4bf0) 
thrown [s\src\hotspot\share\prims\jni.cpp, line 520]
Event: 463.976 Thread 0x0000014f6b740ac0 Exception <a 'sun/nio/fs/WindowsException'{0x0000000636e7d550}> (0x0000000636e7d550) 
thrown [s\src\hotspot\share\prims\jni.cpp, line 520]
Event: 464.500 Thread 0x0000014f6b73d640 Exception <a 'sun/nio/fs/WindowsException'{0x0000000635eb4fc0}> (0x0000000635eb4fc0) 
thrown [s\src\hotspot\share\prims\jni.cpp, line 520]
Event: 485.582 Thread 0x0000014f6b73dcd0 Exception <a 'sun/nio/fs/WindowsException'{0x000000064db9e750}> (0x000000064db9e750) 
thrown [s\src\hotspot\share\prims\jni.cpp, line 520]
Event: 488.451 Thread 0x0000014f6b73dcd0 Exception <a 'sun/nio/fs/WindowsException'{0x000000064d143c90}> (0x000000064d143c90) 
thrown [s\src\hotspot\share\prims\jni.cpp, line 520]
Event: 488.499 Thread 0x0000014f6b73d640 Exception <a 'sun/nio/fs/WindowsException'{0x000000064d0d90c8}> (0x000000064d0d90c8) 
thrown [s\src\hotspot\share\prims\jni.cpp, line 520]
Event: 488.499 Thread 0x0000014f6b740ac0 Exception <a 'sun/nio/fs/WindowsException'{0x000000064d7c3790}> (0x000000064d7c3790) 
thrown [s\src\hotspot\share\prims\jni.cpp, line 520]
Event: 490.106 Thread 0x0000014f66a1f530 Exception <a 'sun/nio/fs/WindowsException'{0x000000064c4165d0}> (0x000000064c4165d0) 
thrown [s\src\hotspot\share\prims\jni.cpp, line 520]
Event: 498.035 Thread 0x0000014f66a1f530 Exception <a 'sun/nio/fs/WindowsException'{0x000000064b689360}> (0x000000064b689360) 
thrown [s\src\hotspot\share\prims\jni.cpp, line 520]
Event: 498.438 Thread 0x0000014f6b73dcd0 Exception <a 'sun/nio/fs/WindowsException'{0x000000064b36a118}> (0x000000064b36a118) 
thrown [s\src\hotspot\share\prims\jni.cpp, line 520]
Event: 498.588 Thread 0x0000014f6b740ac0 Exception <a 'sun/nio/fs/WindowsException'{0x000000064c2dd0f0}> (0x000000064c2dd0f0) 
thrown [s\src\hotspot\share\prims\jni.cpp, line 520]
Event: 504.451 Thread 0x0000014f66a1f530 Exception <a 'sun/nio/fs/WindowsException'{0x000000064d0f5658}> (0x000000064d0f5658) 
thrown [s\src\hotspot\share\prims\jni.cpp, line 520]
Event: 506.080 Thread 0x0000014f6b73d640 Exception <a 'sun/nio/fs/WindowsException'{0x000000064ae32aa0}> (0x000000064ae32aa0) 
thrown [s\src\hotspot\share\prims\jni.cpp, line 520]
Event: 508.824 Thread 0x0000014f6b740ac0 Exception <a 'sun/nio/fs/WindowsException'{0x000000064dc5ea00}> (0x000000064dc5ea00) 
thrown [s\src\hotspot\share\prims\jni.cpp, line 520]
Event: 509.480 Thread 0x0000014f6b73d640 Exception <a 'sun/nio/fs/WindowsException'{0x000000064db6a190}> (0x000000064db6a190) 
thrown [s\src\hotspot\share\prims\jni.cpp, line 520]
Event: 509.596 Thread 0x0000014f6b73dcd0 Exception <a 'sun/nio/fs/WindowsException'{0x000000064d410390}> (0x000000064d410390) 
thrown [s\src\hotspot\share\prims\jni.cpp, line 520]
Event: 509.990 Thread 0x0000014f66a1f530 Exception <a 'sun/nio/fs/WindowsException'{0x000000064ccf7ab8}> (0x000000064ccf7ab8) 
thrown [s\src\hotspot\share\prims\jni.cpp, line 520]
Event: 510.008 Thread 0x0000014f6b740ac0 Exception <a 'sun/nio/fs/WindowsException'{0x000000064d54dfa0}> (0x000000064d54dfa0) 
thrown [s\src\hotspot\share\prims\jni.cpp, line 520]

ZGC Phase Switch (0 events):
No events

VM Operations (20 events):
Event: 499.646 Executing safepoint VM operation: G1CollectForAllocation (G1 Evacuation Pause) done
Event: 499.646 Executing safepoint VM operation: G1CollectForAllocation (GCLocker Initiated GC)
Event: 500.126 Executing safepoint VM operation: G1CollectForAllocation (GCLocker Initiated GC) done
Event: 502.119 Executing safepoint VM operation: Cleanup
Event: 502.120 Executing safepoint VM operation: Cleanup done
Event: 505.151 Executing safepoint VM operation: Cleanup
Event: 505.151 Executing safepoint VM operation: Cleanup done
Event: 506.167 Executing safepoint VM operation: Cleanup
Event: 506.183 Executing safepoint VM operation: Cleanup done
Event: 507.187 Executing safepoint VM operation: Cleanup
Event: 507.187 Executing safepoint VM operation: Cleanup done
Event: 508.177 Executing safepoint VM operation: G1CollectForAllocation (G1 Evacuation Pause)
Event: 508.212 Executing safepoint VM operation: G1CollectForAllocation (G1 Evacuation Pause) done
Event: 509.216 Executing safepoint VM operation: Cleanup
Event: 509.231 Executing safepoint VM operation: Cleanup done
Event: 510.544 Executing safepoint VM operation: G1CollectForAllocation (G1 Evacuation Pause)
Event: 510.751 Executing safepoint VM operation: G1CollectForAllocation (G1 Evacuation Pause) done
Event: 510.850 Executing safepoint VM operation: G1CollectForAllocation (G1 Evacuation Pause)
Event: 510.850 Executing safepoint VM operation: G1CollectForAllocation (G1 Evacuation Pause) done
Event: 510.851 Executing safepoint VM operation: G1CollectForAllocation (GCLocker Initiated GC)

Memory protections (0 events):
No events

Nmethod flushes (20 events):
Event: 282.104 Thread 0x0000014f7ded9860 flushing  nmethod 0x0000014f00786090
Event: 282.104 Thread 0x0000014f7ded9860 flushing  nmethod 0x0000014f007ba290
Event: 282.104 Thread 0x0000014f7ded9860 flushing  nmethod 0x0000014f0088f590
Event: 282.104 Thread 0x0000014f7ded9860 flushing  nmethod 0x0000014f0088fc90
Event: 282.145 Thread 0x0000014f7ded9860 flushing  nmethod 0x0000014f0093c190
Event: 282.145 Thread 0x0000014f7ded9860 flushing  nmethod 0x0000014f0093ed90
Event: 282.145 Thread 0x0000014f7ded9860 flushing  nmethod 0x0000014f0095cf10
Event: 282.145 Thread 0x0000014f7ded9860 flushing  nmethod 0x0000014f0096d010
Event: 282.145 Thread 0x0000014f7ded9860 flushing  nmethod 0x0000014f0096d910
Event: 282.145 Thread 0x0000014f7ded9860 flushing  nmethod 0x0000014f00b12910
Event: 282.145 Thread 0x0000014f7ded9860 flushing  nmethod 0x0000014f00b3a390
Event: 282.145 Thread 0x0000014f7ded9860 flushing  nmethod 0x0000014f00b42010
Event: 282.145 Thread 0x0000014f7ded9860 flushing  nmethod 0x0000014f00c10390
Event: 282.145 Thread 0x0000014f7ded9860 flushing  nmethod 0x0000014f00c31d10
Event: 282.145 Thread 0x0000014f7ded9860 flushing  nmethod 0x0000014f00de9010
Event: 282.145 Thread 0x0000014f7ded9860 flushing  nmethod 0x0000014f01034f10
Event: 282.145 Thread 0x0000014f7ded9860 flushing  nmethod 0x0000014f01090290
Event: 282.145 Thread 0x0000014f7ded9860 flushing  nmethod 0x0000014f010cc290
Event: 282.156 Thread 0x0000014f7ded9860 flushing  nmethod 0x0000014f0120b010
Event: 282.163 Thread 0x0000014f7ded9860 flushing  nmethod 0x0000014f0136a590

Events (20 events):
Event: 82.972 Thread 0x0000014f66a1f530 Thread added: 0x0000014f6853d8f0
Event: 84.714 Thread 0x0000014f66a1f530 Thread added: 0x0000014f6853a470
Event: 121.495 Thread 0x0000014f6927cdd0 Thread exited: 0x0000014f6927cdd0
Event: 131.231 Thread 0x0000014f66a1f530 Thread added: 0x0000014f6b500570
Event: 133.878 Thread 0x0000014f66a1f530 Thread added: 0x0000014f6b4fd0f0
Event: 198.509 Thread 0x0000014f66a1f530 Thread added: 0x0000014f6b502640
Event: 198.514 Thread 0x0000014f66a1f530 Thread added: 0x0000014f6b500c00
Event: 198.515 Thread 0x0000014f66a1f530 Thread added: 0x0000014f6b501920
Event: 243.839 Thread 0x0000014f66a1f530 Thread added: 0x0000014f6b501290
Event: 243.848 Thread 0x0000014f66a1f530 Thread added: 0x0000014f6b5039f0
Event: 243.872 Thread 0x0000014f66a1f530 Thread added: 0x0000014f6b501fb0
Event: 296.191 Thread 0x0000014f669e10c0 Thread added: 0x0000014f6b740430
Event: 342.110 Thread 0x0000014f66a1f530 Thread added: 0x0000014f6b740ac0
Event: 342.352 Thread 0x0000014f66a1f530 Thread added: 0x0000014f6b73d640
Event: 342.478 Thread 0x0000014f66a1f530 Thread added: 0x0000014f6b73dcd0
Event: 399.608 Thread 0x0000014f669e2470 Thread exited: 0x0000014f669e2470
Event: 466.392 Thread 0x0000014f669e10c0 Thread added: 0x0000014f6b73fda0
Event: 466.397 Thread 0x0000014f669e10c0 Thread added: 0x0000014f6b73e9f0
Event: 466.400 Thread 0x0000014f669e10c0 Thread added: 0x0000014f6b73f080
Event: 467.988 Thread 0x0000014f669e10c0 Thread added: 0x0000014f669e2470


Dynamic libraries:
0x00007ff73e920000 - 0x00007ff73e92e000 	C:\Users\kimch\.vscode\extensions\redhat.java-1.55.0-win32-x64\jre\21.0.11-win32-x86_64\bin\java.exe
0x00007fff64a60000 - 0x00007fff64cc6000 	C:\WINDOWS\SYSTEM32\ntdll.dll
0x00007fff32080000 - 0x00007fff320a1000 	C:\Program Files\Avast Software\Avast\aswhook.dll
0x00007fff63510000 - 0x00007fff635d9000 	C:\WINDOWS\System32\KERNEL32.DLL
0x00007fff62290000 - 0x00007fff6268e000 	C:\WINDOWS\System32\KERNELBASE.dll
0x00007fff62130000 - 0x00007fff6227c000 	C:\WINDOWS\System32\ucrtbase.dll
0x00007fff50f30000 - 0x00007fff50f4e000 	C:\Users\kimch\.vscode\extensions\redhat.java-1.55.0-win32-x64\jre\21.0.11-win32-x86_64\bin\VCRUNTIME140.dll
0x00007fff535a0000 - 0x00007fff535b8000 	C:\Users\kimch\.vscode\extensions\redhat.java-1.55.0-win32-x64\jre\21.0.11-win32-x86_64\bin\jli.dll
0x00007fff642e0000 - 0x00007fff644a7000 	C:\WINDOWS\System32\USER32.dll
0x00007fff42140000 - 0x00007fff423d2000 	C:\WINDOWS\WinSxS\amd64_microsoft.windows.common-controls_6595b64144ccf1df_6.0.26100.8875_none_3e0d5d42e32fe9dd\COMCTL32.dll
0x00007fff62760000 - 0x00007fff62787000 	C:\WINDOWS\System32\win32u.dll
0x00007fff63b10000 - 0x00007fff63b3b000 	C:\WINDOWS\System32\GDI32.dll
0x00007fff61e80000 - 0x00007fff61faa000 	C:\WINDOWS\System32\gdi32full.dll
0x00007fff61c80000 - 0x00007fff61d23000 	C:\WINDOWS\System32\msvcp_win.dll
0x00007fff63180000 - 0x00007fff63229000 	C:\WINDOWS\System32\msvcrt.dll
0x00007fff63ac0000 - 0x00007fff63af2000 	C:\WINDOWS\System32\IMM32.DLL
0x00007fff5c970000 - 0x00007fff5c97c000 	C:\Users\kimch\.vscode\extensions\redhat.java-1.55.0-win32-x64\jre\21.0.11-win32-x86_64\bin\vcruntime140_1.dll
0x00007fff50ea0000 - 0x00007fff50f2d000 	C:\Users\kimch\.vscode\extensions\redhat.java-1.55.0-win32-x64\jre\21.0.11-win32-x86_64\bin\msvcp140.dll
0x00007ffeac490000 - 0x00007ffead232000 	C:\Users\kimch\.vscode\extensions\redhat.java-1.55.0-win32-x64\jre\21.0.11-win32-x86_64\bin\server\jvm.dll
0x00007fff63750000 - 0x00007fff63807000 	C:\WINDOWS\System32\ADVAPI32.dll
0x00007fff62db0000 - 0x00007fff62e5a000 	C:\WINDOWS\System32\sechost.dll
0x00007fff639a0000 - 0x00007fff63ab8000 	C:\WINDOWS\System32\RPCRT4.dll
0x00007fff63910000 - 0x00007fff63990000 	C:\WINDOWS\System32\WS2_32.dll
0x00007fff61b00000 - 0x00007fff61b5e000 	C:\WINDOWS\SYSTEM32\POWRPROF.dll
0x00007fff50e00000 - 0x00007fff50e36000 	C:\WINDOWS\SYSTEM32\WINMM.dll
0x00007fff55a60000 - 0x00007fff55a6b000 	C:\WINDOWS\SYSTEM32\VERSION.dll
0x00007fff61ae0000 - 0x00007fff61af4000 	C:\WINDOWS\SYSTEM32\UMPDC.dll
0x00007fff60940000 - 0x00007fff6095b000 	C:\WINDOWS\SYSTEM32\kernel.appcore.dll
0x00007fff57110000 - 0x00007fff5711a000 	C:\Users\kimch\.vscode\extensions\redhat.java-1.55.0-win32-x64\jre\21.0.11-win32-x86_64\bin\jimage.dll
0x00007fff53810000 - 0x00007fff53a52000 	C:\WINDOWS\SYSTEM32\DBGHELP.DLL
0x00007fff644b0000 - 0x00007fff64833000 	C:\WINDOWS\System32\combase.dll
0x00007fff63230000 - 0x00007fff63309000 	C:\WINDOWS\System32\OLEAUT32.dll
0x00007fff53740000 - 0x00007fff5377b000 	C:\WINDOWS\SYSTEM32\dbgcore.DLL
0x00007fff61d30000 - 0x00007fff61ddc000 	C:\WINDOWS\System32\bcryptPrimitives.dll
0x00007fff50b30000 - 0x00007fff50b3f000 	C:\Users\kimch\.vscode\extensions\redhat.java-1.55.0-win32-x64\jre\21.0.11-win32-x86_64\bin\instrument.dll
0x00007fff50b10000 - 0x00007fff50b30000 	C:\Users\kimch\.vscode\extensions\redhat.java-1.55.0-win32-x64\jre\21.0.11-win32-x86_64\bin\java.dll
0x00007fff63b40000 - 0x00007fff642d2000 	C:\WINDOWS\System32\SHELL32.dll
0x00007fff5f700000 - 0x00007fff5ff92000 	C:\WINDOWS\SYSTEM32\windows.storage.dll
0x00007fff62790000 - 0x00007fff62887000 	C:\WINDOWS\System32\SHCORE.dll
0x00007fff62f70000 - 0x00007fff62fd7000 	C:\WINDOWS\System32\shlwapi.dll
0x00007fff61ba0000 - 0x00007fff61bc9000 	C:\WINDOWS\SYSTEM32\profapi.dll
0x00007fff50e80000 - 0x00007fff50e98000 	C:\Users\kimch\.vscode\extensions\redhat.java-1.55.0-win32-x64\jre\21.0.11-win32-x86_64\bin\zip.dll
0x00007fff56440000 - 0x00007fff56450000 	C:\Users\kimch\.vscode\extensions\redhat.java-1.55.0-win32-x64\jre\21.0.11-win32-x86_64\bin\net.dll
0x00007fff55760000 - 0x00007fff55887000 	C:\WINDOWS\SYSTEM32\WINHTTP.dll
0x00007fff60f10000 - 0x00007fff60f7c000 	C:\WINDOWS\system32\mswsock.dll
0x00007fff50e60000 - 0x00007fff50e76000 	C:\Users\kimch\.vscode\extensions\redhat.java-1.55.0-win32-x64\jre\21.0.11-win32-x86_64\bin\nio.dll
0x00007fff50ab0000 - 0x00007fff50ac0000 	C:\Users\kimch\.vscode\extensions\redhat.java-1.55.0-win32-x64\jre\21.0.11-win32-x86_64\bin\verify.dll
0x00007fff50a80000 - 0x00007fff50aa7000 	C:\Users\kimch\.gradle\native\1def1411415f61bf3af743bc5b6707747c0891f09f0c88961ee8f79bc544acac\windows-amd64\native-platform.dll
0x00007ffef0e80000 - 0x00007ffef0ef7000 	C:\Users\kimch\.gradle\native\0.2.8\x86_64-windows-gnu\gradle-fileevents.dll
0x00007fff50990000 - 0x00007fff5099a000 	C:\Users\kimch\.vscode\extensions\redhat.java-1.55.0-win32-x64\jre\21.0.11-win32-x86_64\bin\management.dll
0x00007fff404a0000 - 0x00007fff404ac000 	C:\Users\kimch\.vscode\extensions\redhat.java-1.55.0-win32-x64\jre\21.0.11-win32-x86_64\bin\management_ext.dll
0x00007fff63b00000 - 0x00007fff63b08000 	C:\WINDOWS\System32\PSAPI.DLL
0x00007fff602d0000 - 0x00007fff60303000 	C:\WINDOWS\SYSTEM32\IPHLPAPI.DLL
0x00007fff649e0000 - 0x00007fff649ea000 	C:\WINDOWS\System32\NSI.dll
0x00007fff3d560000 - 0x00007fff3d569000 	C:\Users\kimch\.vscode\extensions\redhat.java-1.55.0-win32-x64\jre\21.0.11-win32-x86_64\bin\extnet.dll
0x00007fff61230000 - 0x00007fff6124b000 	C:\WINDOWS\SYSTEM32\CRYPTSP.dll
0x00007fff60890000 - 0x00007fff608c9000 	C:\WINDOWS\system32\rsaenh.dll
0x00007fff60fd0000 - 0x00007fff61002000 	C:\WINDOWS\SYSTEM32\USERENV.dll
0x00007fff61b70000 - 0x00007fff61b9a000 	C:\WINDOWS\SYSTEM32\bcrypt.dll
0x00007fff61210000 - 0x00007fff6121c000 	C:\WINDOWS\SYSTEM32\CRYPTBASE.dll
0x00007fff50b50000 - 0x00007fff50b5e000 	C:\Users\kimch\.vscode\extensions\redhat.java-1.55.0-win32-x64\jre\21.0.11-win32-x86_64\bin\sunmscapi.dll
0x00007fff61fb0000 - 0x00007fff62128000 	C:\WINDOWS\System32\CRYPT32.dll
0x00007fff61450000 - 0x00007fff61480000 	C:\WINDOWS\SYSTEM32\ncrypt.dll
0x00007fff61400000 - 0x00007fff6143f000 	C:\WINDOWS\SYSTEM32\NTASN1.dll
0x00007fff56f20000 - 0x00007fff56f28000 	C:\WINDOWS\system32\wshunix.dll

JVMTI agents:
C:\Users\kimch\.gradle\wrapper\dists\gradle-9.1.0-all\7wzd0jkjit61aq2p43wpjgij9\gradle-9.1.0\lib\agents\gradle-instrumentation-agent-9.1.0.jar path:C:\Users\kimch\.vscode\extensions\redhat.java-1.55.0-win32-x64\jre\21.0.11-win32-x86_64\bin\instrument.dll, loaded, initialized, instrumentlib options:none

dbghelp: loaded successfully - version: 4.0.5 - missing functions: none
symbol engine: initialized successfully - sym options: 0x614 - pdb path: .;C:\Users\kimch\.vscode\extensions\redhat.java-1.55.0-win32-x64\jre\21.0.11-win32-x86_64\bin;C:\WINDOWS\SYSTEM32;C:\Program Files\Avast Software\Avast;C:\WINDOWS\WinSxS\amd64_microsoft.windows.common-controls_6595b64144ccf1df_6.0.26100.8875_none_3e0d5d42e32fe9dd;C:\Users\kimch\.vscode\extensions\redhat.java-1.55.0-win32-x64\jre\21.0.11-win32-x86_64\bin\server;C:\Users\kimch\.gradle\native\1def1411415f61bf3af743bc5b6707747c0891f09f0c88961ee8f79bc544acac\windows-amd64;C:\Users\kimch\.gradle\native\0.2.8\x86_64-windows-gnu

VM Arguments:
jvm_args: --add-opens=java.base/java.lang=ALL-UNNAMED --add-opens=java.base/java.lang.invoke=ALL-UNNAMED --add-opens=java.base/java.util=ALL-UNNAMED --add-opens=java.prefs/java.util.prefs=ALL-UNNAMED --add-exports=jdk.compiler/com.sun.tools.javac.api=ALL-UNNAMED --add-exports=jdk.compiler/com.sun.tools.javac.util=ALL-UNNAMED --add-opens=java.base/java.util=ALL-UNNAMED --add-opens=java.prefs/java.util.prefs=ALL-UNNAMED --add-opens=java.base/java.nio.charset=ALL-UNNAMED --add-opens=java.base/java.net=ALL-UNNAMED --add-opens=java.base/java.util.concurrent=ALL-UNNAMED --add-opens=java.base/java.util.concurrent.atomic=ALL-UNNAMED --add-opens=java.xml/javax.xml.namespace=ALL-UNNAMED --add-opens=java.base/java.time=ALL-UNNAMED -XX:MaxMetaspaceSize=4G -XX:ReservedCodeCacheSize=512m -XX:+HeapDumpOnOutOfMemoryError -Xmx8G -Dfile.encoding=UTF-8 -Duser.country=US -Duser.language=en -Duser.variant -javaagent:C:\Users\kimch\.gradle\wrapper\dists\gradle-9.1.0-all\7wzd0jkjit61aq2p43wpjgij9\gradle-9.1.0\lib\agents\gradle-instrumentation-agent-9.1.0.jar 
java_command: org.gradle.launcher.daemon.bootstrap.GradleDaemon 9.1.0
java_class_path (initial): C:\Users\kimch\.gradle\wrapper\dists\gradle-9.1.0-all\7wzd0jkjit61aq2p43wpjgij9\gradle-9.1.0\lib\gradle-daemon-main-9.1.0.jar
Launcher Type: SUN_STANDARD

[Global flags]
     intx CICompilerCount                          = 3                                         {product} {ergonomic}
     uint ConcGCThreads                            = 1                                         {product} {ergonomic}
     uint G1ConcRefinementThreads                  = 4                                         {product} {ergonomic}
   size_t G1HeapRegionSize                         = 4194304                                   {product} {ergonomic}
    uintx GCDrainStackTargetSize                   = 64                                        {product} {ergonomic}
     bool HeapDumpOnOutOfMemoryError               = true                                   {manageable} {command line}
   size_t InitialHeapSize                          = 67108864                                  {product} {ergonomic}
   size_t MarkStackSize                            = 4194304                                   {product} {ergonomic}
   size_t MaxHeapSize                              = 8589934592                                {product} {command line}
   size_t MaxMetaspaceSize                         = 4294967296                                {product} {command line}
   size_t MaxNewSize                               = 5150605312                                {product} {ergonomic}
   size_t MinHeapDeltaBytes                        = 4194304                                   {product} {ergonomic}
   size_t MinHeapSize                              = 8388608                                   {product} {ergonomic}
    uintx NonNMethodCodeHeapSize                   = 5832780                                {pd product} {ergonomic}
    uintx NonProfiledCodeHeapSize                  = 265519066                              {pd product} {ergonomic}
    uintx ProfiledCodeHeapSize                     = 265519066                              {pd product} {ergonomic}
    uintx ReservedCodeCacheSize                    = 536870912                              {pd product} {command line}
     bool SegmentedCodeCache                       = true                                      {product} {ergonomic}
   size_t SoftMaxHeapSize                          = 8589934592                             {manageable} {ergonomic}
     bool UseCompressedOops                        = true                           {product lp64_product} {ergonomic}
     bool UseG1GC                                  = true                                      {product} {ergonomic}
     bool UseLargePagesIndividualAllocation        = false                                  {pd product} {ergonomic}

Logging:
Log output configuration:
 #0: stdout all=warning uptime,level,tags foldmultilines=false
 #1: stderr all=off uptime,level,tags foldmultilines=false

Release file:
JAVA_VERSION="21.0.11" 
MODULES="java.base java.compiler java.datatransfer java.xml java.prefs java.desktop java.instrument java.logging java.management java.security.sasl java.naming java.rmi java.management.rmi java.net.http java.scripting java.security.jgss java.transaction.xa java.sql java.sql.rowset java.xml.crypto java.se java.smartcardio jdk.accessibility jdk.internal.jvmstat jdk.attach jdk.charsets jdk.internal.opt jdk.zipfs jdk.compiler jdk.crypto.ec jdk.crypto.cryptoki jdk.crypto.mscapi jdk.dynalink jdk.internal.ed jdk.editpad jdk.hotspot.agent jdk.httpserver jdk.internal.le jdk.internal.vm.ci jdk.internal.vm.compiler jdk.internal.vm.compiler.management jdk.jartool jdk.javadoc jdk.jcmd jdk.management jdk.management.agent jdk.jconsole jdk.jdeps jdk.jdwp.agent jdk.jdi jdk.jfr jdk.jshell jdk.jsobject jdk.jstatd jdk.localedata jdk.management.jfr jdk.naming.dns jdk.naming.rmi jdk.net jdk.nio.mapmode jdk.random jdk.sctp jdk.security.auth jdk.security.jgss jdk.unsupported jdk.unsupported.desktop jdk.xml.dom" 

Environment Variables:
JAVA_HOME=C:\Program Files\Eclipse Adoptium\jdk-17.0.20.8-hotspot
PATH=C:\Program Files\Eclipse Adoptium\jdk-17.0.20.8-hotspot\bin;C:\Program Files\Eclipse Adoptium\jdk-11.0.31.11-hotspot\bin;C:\Program Files (x86)\Common Files\Oracle\Java\javapath;C:\Program Files\Amazon Corretto\jdk1.8.0_472\bin;C:\Program Files\Common Files\Oracle\Java\javapath;C:\Program Files\Python313\Scripts\;C:\Program Files\Python313\;C:\WINDOWS\system32;C:\WINDOWS;C:\WINDOWS\System32\Wbem;C:\WINDOWS\System32\WindowsPowerShell\v1.0\;C:\WINDOWS\System32\OpenSSH\;C:\MinGW\bin;C:\Program Files\Java\jdk-24\bin;C:\Program Files\Git\cmd;C:\Program Files\dotnet\;C:\Program Files (x86)\Microsoft SQL Server\160\Tools\Binn\;C:\Program Files\Microsoft SQL Server\160\Tools\Binn\;C:\Program Files\Microsoft SQL Server\Client SDK\ODBC\170\Tools\Binn\;C:\Program Files\Microsoft SQL Server\160\DTS\Binn\;C:\Program Files\nodejs\;C:\Program Files (x86)\Windows Kits\10\Windows Performance Toolkit\;C:\Users\kimch\AppData\Local\Programs\Python\Python311\Scripts\;C:\Users\kimch\AppData\Local\Programs\Python\Python311\;C:\Users\kimch\AppData\Local\Microsoft\WindowsApps;C:\Users\kimch\.dotnet\tools;C:\Users\kimch\AppData\Local\Python\bin;C:\Users\kimch\AppData\Local\Pandoc\;C:\Users\kimch\AppData\Local\Programs\Microsoft VS Code\bin;D:\flutter\flutter_windows_3.44.6-stable\flutter\bin;C:\Users\kimch\AppData\Roaming\npm
USERNAME=kimch
OS=Windows_NT
PROCESSOR_IDENTIFIER=Intel64 Family 6 Model 126 Stepping 5, GenuineIntel
TMP=C:\Users\kimch\AppData\Local\Temp
TEMP=C:\Users\kimch\AppData\Local\Temp




Periodic native trim disabled

---------------  S Y S T E M  ---------------

OS:
 Windows 11 , 64 bit Build 26100 (10.0.26100.8875)
OS uptime: 0 days 0:30 hours
Hyper-V role detected

CPU: total 4 (initial active 4) (2 cores per cpu, 2 threads per core) family 6 model 126 stepping 5 microcode 0xa0, cx8, cmov, fxsr, ht, mmx, 3dnowpref, sse, sse2, sse3, ssse3, sse4.1, sse4.2, popcnt, lzcnt, tsc, tscinvbit, avx, avx2, aes, erms, clmul, bmi1, bmi2, adx, avx512f, avx512dq, avx512cd, avx512bw, avx512vl, sha, fma, vzeroupper, avx512_vpopcntdq, avx512_vpclmulqdq, avx512_vaes, avx512_vnni, clflush, clflushopt, avx512_vbmi2, avx512_vbmi, hv, rdtscp, rdpid, fsrm, gfni, avx512_bitalg, f16c, avx512_ifma
Processor Information for the first 4 processors :
  Max Mhz: 1190, Current Mhz: 1190, Mhz Limit: 1190

Memory: 4k page, system-wide physical 3873M (338M free)
TotalPageFile size 15649M (AvailPageFile size 1152M)
current process WorkingSet (physical memory assigned to process): 184M, peak: 291M
current process commit charge ("private bytes"): 1606M, peak: 2866M

vm_info: OpenJDK 64-Bit Server VM (21.0.11+10-LTS) for windows-amd64 JRE (21.0.11+10-LTS), built on 2026-04-21T00:00:00Z by "admin" with MS VC++ 17.12 (VS2022)

END.
